animal_ID,experiment_date,acclimate_start,experiment_start,sex,dead,treatment_odor,starve_date,starve_time,background,A_mean_speed_mm,A_%_time_L_half,A_%_time_R_half,A_PI_(L-R),E_mean_speed_mm,E_%_time_L_half,E_%_time_R_half,E_PI_(L-R)
171018-01-top,171018,2:41:00 PM,2:56:00 PM,f,False,milliQ_water_100uL,171017,1:00:00 PM,orco5_gcamp,2.0772192602486115,0.628476084538376,0.371523915461624,0.256952169076752,2.3779306613688926,0.7636262513904338,0.2363737486095662,0.5272525027808677
171018-01-bottom,171018,2:41:00 PM,2:56:00 PM,m,False,milliQ_water_100uL,171017,1:00:00 PM,orco5_gcamp,1.708342920227173,0.5061179087875417,0.4938820912124583,0.012235817575083408,2.0425195066474666,0.19566425792106726,0.8043357420789328,-0.6086714841578655
171018-02-top,171018,3:17:00 PM,3:32:00 PM,f,False,milliQ_water_100uL,171017,1:00:00 PM,orco5_gcamp,1.2596281600497916,0.19632925472747498,0.803670745272525,-0.60734149054505,1.4380064173973417,0.7413793103448276,0.25862068965517243,0.4827586206896552
171018-02-bottom,171018,3:17:00 PM,3:32:00 PM,f,False,milliQ_water_100uL,171017,1:00:00 PM,orco5_gcamp,2.2250630449415776,0.642023346303502,0.35797665369649806,0.28404669260700394,2.816648867626593,0.3153503893214683,0.6846496106785317,-0.3692992213570634
171018-03-top,171018,3:52:00 PM,4:07:00 PM,,True,milliQ_water_100uL,171017,1:00:00 PM,orco5_gcamp,1.7530051156077937,0.0,1.0,-1.0,2.1067187263442526,0.4738598442714127,0.5261401557285873,-0.0522803114571746
171018-03-bottom,171018,3:52:00 PM,4:07:00 PM,f,False,milliQ_water_100uL,171017,1:00:00 PM,orco5_gcamp,1.6244847233464286,0.8720800889877642,0.12791991101223582,0.7441601779755285,1.7634116515813103,0.5695216907675195,0.43047830923248054,0.13904338153503892
171018-04-top,171018,4:28:00 PM,4:43:00 PM,f,False,milliQ_water_100uL,171017,1:00:00 PM,orco5_gcamp,3.713311333915452,0.4974958263772955,0.5025041736227045,-0.005008347245408995,4.35266641178386,0.46748193440800445,0.5325180655919955,-0.0650361311839911
171018-04-bottom,171018,4:28:00 PM,4:43:00 PM,f,False,milliQ_water_100uL,171017,1:00:00 PM,orco5_gcamp,3.627584893327924,0.5834260289210234,0.41657397107897665,0.1668520578420467,3.668501275658386,0.6012235817575083,0.39877641824249166,0.20244716351501668
171019-01-top,171019,10:42:00 AM,10:57:00 AM,m,False,filtered_food_odor_100uL,171018,10:00:00 AM,orco5_gcamp,1.9177437220455158,0.29294052251250696,0.7070594774874931,-0.41411895497498613,1.3075381149212497,0.9371523915461624,0.06284760845383759,0.8743047830923247
171019-01-bottom,171019,10:42:00 AM,10:57:00 AM,m,False,filtered_food_odor_100uL,171018,10:00:00 AM,orco5_gcamp,1.870993054766837,0.5945494994438265,0.40545050055617354,0.18909899888765297,2.5193848296523,0.92880978865406,0.07119021134593993,0.8576195773081201
171019-02-top,171019,11:19:00 AM,11:34:00 AM,m,False,filtered_food_odor_100uL,171018,10:00:00 AM,orco5_gcamp,2.0072044801829056,0.7465258476931629,0.2534741523068371,0.49305169538632576,3.143222515386542,0.6829810901001112,0.3170189098998888,0.3659621802002224
171019-02-bottom,171019,11:19:00 AM,11:34:00 AM,m,False,filtered_food_odor_100uL,171018,10:00:00 AM,orco5_gcamp,1.5177330375989897,0.7759866592551418,0.22401334074485826,0.5519733185102835,1.9327206881142351,0.4972191323692992,0.5027808676307007,-0.005561735261401524
171019-03-top,171019,11:55:00 AM,12:10:00 PM,f,False,filtered_food_odor_100uL,171018,10:00:00 AM,orco5_gcamp,0.910588801633071,0.8743047830923248,0.12569521690767518,0.7486095661846497,1.427507598720921,0.44438264738598443,0.5556173526140156,-0.11123470522803114
171019-03-bottom,171019,11:55:00 AM,12:10:00 PM,f,False,filtered_food_odor_100uL,171018,10:00:00 AM,orco5_gcamp,2.051669890612432,0.4371523915461624,0.5628476084538376,-0.1256952169076752,2.197746008152426,0.9416017797552837,0.05839822024471635,0.8832035595105674
171019-04-top,171019,12:32:00 PM,12:47:00 PM,m,False,filtered_food_odor_100uL,171018,10:00:00 AM,orco5_gcamp,2.5963029469666075,0.7018909899888766,0.29810901001112344,0.4037819799777531,2.5976347627775103,0.5161290322580645,0.4838709677419355,0.032258064516129004
171019-04-bottom,171019,12:32:00 PM,12:47:00 PM,m,False,filtered_food_odor_100uL,171018,10:00:00 AM,orco5_gcamp,1.2482569601992966,0.4972191323692992,0.5027808676307007,-0.005561735261401524,3.0233602094171412,0.8342602892102335,0.1657397107897664,0.6685205784204671
171019-05-top,171019,1:12:00 PM,1:27:00 PM,f,False,filtered_food_odor_100uL,171018,10:00:00 AM,orco5_gcamp,3.1113917871090453,0.42769744160177975,0.5723025583982202,-0.14460511679644045,3.0882380058538734,0.6896551724137931,0.3103448275862069,0.37931034482758624
171019-05-bottom,171019,1:12:00 PM,1:27:00 PM,f,False,filtered_food_odor_100uL,171018,10:00:00 AM,orco5_gcamp,1.5214078635802653,0.9010011123470523,0.09899888765294772,0.8020022246941045,5.005211580067794,0.7669632925472748,0.23303670745272526,0.5339265850945496
171019-06-top,171019,2:20:00 PM,2:35:00 PM,m,False,filtered_food_odor_100uL,171018,10:00:00 AM,orco5_gcamp,1.5083958094888652,0.3542825361512792,0.6457174638487208,-0.29143492769744156,2.9656811063774504,0.8058954393770856,0.19410456062291434,0.6117908787541713
171019-06-bottom,171019,2:20:00 PM,2:35:00 PM,m,False,filtered_food_odor_100uL,171018,10:00:00 AM,orco5_gcamp,1.8329296674622872,0.26195773081201335,0.7380422691879867,-0.4760845383759733,1.1553962628452883,0.9543937708565072,0.04560622914349277,0.9087875417130145
171019-07-top,171019,2:58:00 PM,3:13:00 PM,m,False,filtered_food_odor_100uL,171018,10:00:00 AM,orco5_gcamp,2.110135086217477,0.6379310344827587,0.3620689655172414,0.2758620689655173,1.2614161198098373,0.41713014460511677,0.5828698553948832,-0.16573971078976646
171019-07-bottom,171019,2:58:00 PM,3:13:00 PM,m,False,filtered_food_odor_100uL,171018,10:00:00 AM,orco5_gcamp,2.288529319973486,0.2397107897664071,0.7602892102335929,-0.5205784204671857,2.3462962036528268,0.8898776418242491,0.11012235817575083,0.7797552836484982
171019-08-top,171019,3:43:00 PM,3:58:00 PM,m,False,filtered_food_odor_100uL,171018,10:00:00 AM,orco5_gcamp,1.9835456987977396,0.18252643294379522,0.8174735670562048,-0.6349471341124096,2.4727359564535933,0.7208008898776418,0.27919911012235815,0.44160177975528364
171019-08-bottom,171019,3:43:00 PM,3:58:00 PM,m,False,filtered_food_odor_100uL,171018,10:00:00 AM,orco5_gcamp,2.638124551222776,0.3492769744160178,0.6507230255839822,-0.3014460511679644,2.0817248193896725,0.9577308120133482,0.042269187986651836,0.9154616240266964
171025-01-top,171024,2:40:00 PM,2:55:00 PM,f,False,milliQ_water_100uL,171024,1:30:00 PM,gcamp,2.1967598042385177,0.49081803005008345,0.5091819699499165,-0.018363939899833037,2.645518360654042,0.5311457174638488,0.4688542825361513,0.06229143492769745
171025-01-bottom,171024,2:40:00 PM,2:55:00 PM,f,False,milliQ_water_100uL,171024,1:30:00 PM,gcamp,2.2167732363207846,0.703559510567297,0.296440489432703,0.40711902113459403,2.3773654283966024,0.7397107897664071,0.26028921023359286,0.4794215795328143
171025-02-top,171024,3:17:00 PM,3:32:00 PM,,True,milliQ_water_100uL,171024,1:30:00 PM,gcamp,2.58438419756273,0.3442714126807564,0.6557285873192435,-0.31145717463848716,5.5060556463402435,0.5545050055617352,0.44549499443826474,0.10901001112347047
171025-02-bottom,171024,3:17:00 PM,3:32:00 PM,,True,milliQ_water_100uL,171024,1:30:00 PM,gcamp,2.1677447581651115,0.5842134519177321,0.41578654808226795,0.16842690383546416,2.5920502106545653,0.5372636262513905,0.46273637374860954,0.07452725250278092
171025-03-top,171024,3:52:00 PM,4:07:00 PM,f,False,milliQ_water_100uL,171024,1:30:00 PM,gcamp,2.9058122514874385,0.6525847693162868,0.34741523068371316,0.3051695386325737,3.249057109033449,0.5105672969966629,0.489432703003337,0.0211345939933259
171025-03-bottom,171024,3:52:00 PM,4:07:00 PM,,True,milliQ_water_100uL,171024,1:30:00 PM,gcamp,3.2207543503310507,0.5430794886047804,0.45692051139521955,0.08615897720956084,3.2626533282001593,0.5528364849833148,0.4471635150166852,0.10567296996662962
171025-04-top,171024,4:28:00 PM,4:43:00 PM,m,False,milliQ_water_100uL,171024,1:30:00 PM,gcamp,4.063009772509109,0.6609227348526959,0.3390772651473041,0.32184546970539185,4.451271078525096,0.5444938820912124,0.45550611790878753,0.08898776418242488
171025-04-bottom,171024,4:28:00 PM,4:43:00 PM,m,False,milliQ_water_100uL,171024,1:30:00 PM,gcamp,3.4576676576337415,0.5261401557285873,0.4738598442714127,0.0522803114571746,6.167992990454472,0.34741523068371316,0.6525847693162868,-0.3051695386325737
171101-01-top,171101,2:35:00 PM,2:50:00 PM,,True,milliQ_water_100uL,171031,1:15:00 PM,gcamp,1.4525617440579157,0.9944351697273233,0.005564830272676683,0.9888703394546465,2.2613325855195843,0.4671857619577308,0.5328142380422692,-0.06562847608453842
171101-01-bottom,171101,2:35:00 PM,2:50:00 PM,f,False,milliQ_water_100uL,171031,1:15:00 PM,gcamp,1.4273504765735694,0.949944382647386,0.05005561735261402,0.899888765294772,1.421573414241294,0.5472747497219133,0.45272525027808674,0.09454949944382651
171101-02-top,171101,3:13:00 PM,3:28:00 PM,m,False,milliQ_water_100uL,171031,1:15:00 PM,gcamp,1.2210902622717734,0.5728587319243604,0.4271412680756396,0.1457174638487208,1.504840095640701,0.8364849833147943,0.1635150166852058,0.6729699666295885
171101-02-bottom,171101,3:13:00 PM,3:28:00 PM,m,False,milliQ_water_100uL,171031,1:15:00 PM,gcamp,2.431357857550702,0.4944382647385984,0.5055617352614016,-0.011123470522803158,4.401292897244008,0.5100111234705228,0.4899888765294772,0.020022246941045596
171101-03-top,171101,3:50:00 PM,4:05:00 PM,f,False,milliQ_water_100uL,171031,1:15:00 PM,gcamp,3.5529221028660842,0.5611790878754171,0.43882091212458285,0.1223581757508343,4.644785759178022,0.4866518353726363,0.5133481646273638,-0.02669632925472748
171101-03-bottom,171101,3:50:00 PM,4:05:00 PM,m,False,milliQ_water_100uL,171031,1:15:00 PM,gcamp,0.5169628830421392,0.9783092324805339,0.021690767519466074,0.9566184649610678,0.3958412809110678,0.16129032258064516,0.8387096774193549,-0.6774193548387097
171101-04-top,171101,4:27:00 PM,4:43:00 PM,f,False,milliQ_water_100uL,171031,1:15:00 PM,gcamp,1.8093370810738039,0.8147942157953282,0.18520578420467185,0.6295884315906564,3.955864341226699,0.46273637374860954,0.5372636262513905,-0.07452725250278092
171101-04-bottom,171101,4:27:00 PM,4:43:00 PM,,True,milliQ_water_100uL,171031,1:15:00 PM,gcamp,2.2860433132904134,0.37374860956618466,0.6262513904338154,-0.2525027808676307,3.419351988563404,0.5367074527252503,0.4632925472747497,0.07341490545050061
171102-01-top,171102,10:32:00 AM,10:47:00 AM,f,False,filtered_food_odor_100uL,171101,9:30:00 AM,gcamp,4.1810580156981425,0.7230255839822024,0.27697441601779754,0.44605116796440486,4.598553301180559,0.7502780867630701,0.2497219132369299,0.5005561735261401
171102-01-bottom,171102,10:32:00 AM,10:47:00 AM,f,False,filtered_food_odor_100uL,171101,9:30:00 AM,gcamp,2.885410804045226,0.45661846496106784,0.5433815350389322,-0.08676307007786432,2.8653460087431766,0.5336297943301834,0.4663702056698166,0.06725958866036685
171102-02-top,171102,11:08:00 AM,11:23:00 AM,m,False,filtered_food_odor_100uL,171101,9:30:00 AM,gcamp,1.258266177823251,0.9783092324805339,0.021690767519466074,0.9566184649610678,1.0878265508913392,0.3081201334816463,0.6918798665183538,-0.38375973303670746
171102-02-bottom,171102,11:08:00 AM,11:23:00 AM,f,False,filtered_food_odor_100uL,171101,9:30:00 AM,gcamp,4.431375542372968,0.24791550861589773,0.7520844913841023,-0.5041689827682045,3.872371910531495,0.660734149054505,0.339265850945495,0.32146829810901
171102-03-top,171102,11:44:00 AM,11:59:00 AM,f,False,filtered_food_odor_100uL,171101,9:30:00 AM,gcamp,3.0685717921737954,0.296440489432703,0.703559510567297,-0.40711902113459403,3.059770481108302,0.6101223581757509,0.38987764182424917,0.22024471635150172
171102-03-bottom,171102,11:44:00 AM,11:59:00 AM,m,False,filtered_food_odor_100uL,171101,9:30:00 AM,gcamp,2.4915056691488617,0.743047830923248,0.25695216907675195,0.48609566184649605,2.75137039127324,0.7997775305895439,0.20022246941045607,0.5995550611790879
171108-01-top,171108,03:10:00 PM,03:25:00 PM,m,False,milliQ_water_100uL,171107,02:00:00 PM,orco5_gcamp,1.6526707166381875,0.4966629588431591,0.503337041156841,-0.006674082313681884,2.250735741861562,0.16407119021134595,0.835928809788654,-0.671857619577308
171108-01-bottom,171108,03:10:00 PM,03:25:00 PM,m,False,milliQ_water_100uL,171107,02:00:00 PM,orco5_gcamp,1.7348322517534234,0.23804226918798665,0.7619577308120133,-0.5239154616240267,1.8196002268297753,0.6612903225806451,0.3387096774193548,0.3225806451612903
171108-02-top,171108,03:45:00 PM,04:00:00 PM,,True,milliQ_water_100uL,171107,02:00:00 PM,orco5_gcamp,1.4588580704247258,0.21913236929922136,0.7808676307007787,-0.5617352614015574,1.8977711678958233,0.5719844357976653,0.4280155642023346,0.14396887159533073
171108-02-bottom,171108,03:45:00 PM,04:00:00 PM,f,False,milliQ_water_100uL,171107,02:00:00 PM,orco5_gcamp,1.79770916641015,0.5489432703003337,0.4510567296996663,0.09788654060066743,2.509146601729486,0.5839822024471635,0.41601779755283647,0.167964404894327
171108-03-top,171108,04:20:00 PM,04:35:00 PM,m,False,milliQ_water_100uL,171107,02:00:00 PM,orco5_gcamp,4.052136572477306,0.3420467185761958,0.6579532814238043,-0.3159065628476085,4.113560295091508,0.5283648498331479,0.47163515016685204,0.056729699666295874
171108-03-bottom,171108,04:20:00 PM,04:35:00 PM,m,False,milliQ_water_100uL,171107,02:00:00 PM,orco5_gcamp,1.9093154876576528,0.25917686318131256,0.7408231368186874,-0.48164627363737483,1.9708869766238648,0.15247634947134112,0.8475236505286589,-0.6950473010573177
171108-04-top,171108,04:55:00 PM,05:10:00 PM,f,False,milliQ_water_100uL,171107,02:00:00 PM,orco5_gcamp,2.843961968507739,0.10567296996662959,0.8943270300333704,-0.7886540600667409,4.365899044955417,0.371523915461624,0.628476084538376,-0.256952169076752
171108-04-bottom,171108,04:55:00 PM,05:10:00 PM,f,False,milliQ_water_100uL,171107,02:00:00 PM,orco5_gcamp,1.8338012749082793,0.57119021134594,0.42880978865406005,0.1423804226918799,2.3081706023188815,0.721357063403782,0.278642936596218,0.442714126807564
171116-01-top,171116,10:32:00 AM,10:47:00 AM,m,False,milliQ_water_100uL,171115,10:00:00 AM,gr3_gcamp,3.5576220528613187,0.5817575083426029,0.41824249165739713,0.16351501668520574,2.7906254649762596,0.3442714126807564,0.6557285873192435,-0.31145717463848716
171116-01-bottom,171116,10:32:00 AM,10:47:00 AM,m,False,milliQ_water_100uL,171115,10:00:00 AM,gr3_gcamp,2.01080520958845,0.594774874930517,0.40522512506948305,0.1895497498610339,1.3874291446279343,0.3168426903835464,0.6831573096164536,-0.3663146192329072
171116-02-top,171116,11:08:00 AM,11:23:00 AM,m,False,milliQ_water_100uL,171115,10:00:00 AM,gr3_gcamp,2.346623177788194,0.6017797552836485,0.3982202447163515,0.203559510567297,5.109633853019454,0.44883203559510565,0.5511679644048944,-0.1023359288097887
171116-02-bottom,171116,11:08:00 AM,11:23:00 AM,m,False,milliQ_water_100uL,171115,10:00:00 AM,gr3_gcamp,1.8240806682740476,0.40489432703003336,0.5951056729699666,-0.19021134593993327,1.6042696188666927,0.14349276974416017,0.8565072302558399,-0.7130144605116797
171116-03-top,171116,11:45:00 AM,12:00:00 PM,f,False,milliQ_water_100uL,171115,10:00:00 AM,gr3_gcamp,3.4494916004117044,0.42046718576195774,0.5795328142380423,-0.15906562847608452,3.4567336369698287,0.3592880978865406,0.6407119021134594,-0.2814238042269188
171116-03-bottom,171116,11:45:00 AM,12:00:00 PM,m,False,milliQ_water_100uL,171115,10:00:00 AM,gr3_gcamp,0.8727240589403651,0.09788654060066741,0.9021134593993326,-0.8042269187986653,1.120756042151931,0.0,1.0,-1.0
171116-04-top,171116,12:20:00 PM,12:35:00 PM,,True,milliQ_water_100uL,171115,10:00:00 AM,gr3_gcamp,3.8762566732977684,0.2814238042269188,0.7185761957730812,-0.43715239154616237,4.230680298234505,0.3075639599555061,0.6924360400444939,-0.38487208008898777
171116-04-bottom,171116,12:20:00 PM,12:35:00 PM,m,False,milliQ_water_100uL,171115,10:00:00 AM,gr3_gcamp,2.1571221253965716,0.1796440489432703,0.8203559510567296,-0.6407119021134593,3.3709083657959034,0.32406892718176766,0.6759310728182324,-0.35186214563646473
171116-05-top,171116,12:55:00 PM,01:10:00 PM,f,False,milliQ_water_100uL,171115,10:00:00 AM,gr3_gcamp,2.1115818303345013,0.35392320534223703,0.6460767946577629,-0.2921535893155259,1.9808341249206418,0.15136338341680577,0.8486366165831942,-0.6972732331663885
171116-05-bottom,171116,12:55:00 PM,01:10:00 PM,,True,milliQ_water_100uL,171115,10:00:00 AM,gr3_gcamp,6.062967260099591,0.4694104560622914,0.5305895439377085,-0.06117908787541709,4.281442196308574,0.7509727626459144,0.2490272373540856,0.5019455252918288
171116-06-top,171116,01:30:00 PM,01:45:00 PM,m,False,milliQ_water_100uL,171115,10:00:00 AM,gr3_gcamp,2.4928667601738024,0.3086763070077864,0.6913236929922135,-0.3826473859844271,2.9187444722689513,0.3125695216907675,0.6874304783092324,-0.3748609566184649
171116-06-bottom,171116,01:30:00 PM,01:45:00 PM,f,False,milliQ_water_100uL,171115,10:00:00 AM,gr3_gcamp,3.970656090860872,0.5200222469410456,0.4799777530589544,0.04004449388209119,5.148313432205262,0.5583982202447163,0.44160177975528364,0.11679644048943266
171116-07-top,171116,02:06:00 PM,02:21:00 PM,m,False,milliQ_water_100uL,171115,10:00:00 AM,gr3_gcamp,2.6716600919201685,0.7791991101223582,0.22080088987764182,0.5583982202447164,3.7417119323477177,0.5166852057842046,0.4833147942157953,0.03337041156840931
171116-07-bottom,171116,02:06:00 PM,02:21:00 PM,f,False,milliQ_water_100uL,171115,10:00:00 AM,gr3_gcamp,2.9722114209258716,0.29310344827586204,0.7068965517241379,-0.41379310344827586,3.4351501080216456,0.24916573971078976,0.7508342602892102,-0.5016685205784204
171116-08-top,171116,02:41:00 PM,02:56:00 PM,m,False,milliQ_water_100uL,171115,10:00:00 AM,gr3_gcamp,1.676779243221485,0.4549499443826474,0.5450500556173526,-0.09010011123470524,1.8886792569176658,0.6518353726362626,0.3481646273637375,0.3036707452725251
171116-08-bottom,171116,02:41:00 PM,02:56:00 PM,f,False,milliQ_water_100uL,171115,10:00:00 AM,gr3_gcamp,2.392274144335359,0.5672969966629589,0.43270300333704115,0.1345939933259177,1.8011055727772076,0.40656284760845385,0.5934371523915462,-0.1868743047830923
171116-09-top,171116,03:17:00 PM,03:32:00 PM,m,False,milliQ_water_100uL,171115,10:00:00 AM,gr3_gcamp,2.917866864154207,0.6195773081201335,0.3804226918798665,0.23915461624026696,3.4414302047824927,0.5862068965517241,0.41379310344827586,0.17241379310344823
171116-09-bottom,171116,03:17:00 PM,03:32:00 PM,f,False,milliQ_water_100uL,171115,10:00:00 AM,gr3_gcamp,1.879710050076644,0.7302558398220245,0.26974416017797553,0.46051167964404893,2.8172741911288774,0.4949944382647386,0.5050055617352615,-0.010011123470522854
171129-01-top,171129,02:09:00 PM,02:24:00 PM,m,False,milliQ_water_100uL,171128,13:45pm,gcamp,4.335123542556778,0.3503893214682981,0.6496106785317018,-0.29922135706340375,5.566350618459697,0.40878754171301446,0.5912124582869855,-0.18242491657397109
171129-01-bottom,171129,02:09:00 PM,02:24:00 PM,,True,milliQ_water_100uL,171128,13:45pm,gcamp,2.239742620985601,0.0879243183082916,0.9120756816917084,-0.8241513633834168,2.6435460479039086,0.364293659621802,0.635706340378198,-0.27141268075639596
171129-02-top,171129,02:44:00 PM,02:59:00 PM,m,False,milliQ_water_100uL,171128,13:45pm,gcamp,1.7437669002848541,0.39988876529477196,0.600111234705228,-0.20022246941045602,1.3998427601255525,0.21468298109010012,0.7853170189098999,-0.5706340378197998
171129-02-bottom,171129,02:44:00 PM,02:59:00 PM,f,False,milliQ_water_100uL,171128,14:45pm,gcamp,2.6066789783709265,0.44160177975528364,0.5583982202447163,-0.11679644048943266,3.4002694174946755,0.22080088987764182,0.7791991101223582,-0.5583982202447164
171129-03-top,171129,03:19:00 PM,03:34:00 PM,m,False,milliQ_water_100uL,171128,14:45pm,gcamp,6.139271332510269,0.303670745272525,0.696329254727475,-0.39265850945494996,8.728813512538354,0.4844271412680756,0.5155728587319244,-0.031145717463848754
171129-03-bottom,171129,03:19:00 PM,03:34:00 PM,m,False,milliQ_water_100uL,171128,14:45pm,gcamp,2.9543536303112563,0.3567056204785754,0.6432943795214245,-0.28658875904284914,2.036922754012862,0.9377085650723026,0.06229143492769744,0.8754171301446052
171129-04-top,171129,03:55:00 PM,04:10:00 PM,m,False,milliQ_water_100uL,171128,15:45pm,gcamp,4.386764385335061,0.3387096774193548,0.6612903225806451,-0.3225806451612903,6.866256181434217,0.5617352614015573,0.4382647385984427,0.12347052280311455
171129-04-bottom,171129,03:55:00 PM,04:10:00 PM,m,False,milliQ_water_100uL,171128,15:45pm,gcamp,2.0375347384403004,0.6134593993325917,0.38654060066740825,0.2269187986651835,5.087536037563763,0.4855394883203559,0.514460511679644,-0.02892102335928809
171129-05-top,171129,04:29:00 PM,04:44:00 PM,m,False,milliQ_water_100uL,171128,15:45pm,gcamp,2.987188281816727,0.6790878754171301,0.32091212458286983,0.3581757508342603,6.466436521096721,0.5789766407119021,0.42102335928809786,0.15795328142380427
171129-05-bottom,171129,04:29:00 PM,04:44:00 PM,f,False,milliQ_water_100uL,171128,16:45pm,gcamp,2.737738893370223,0.41379310344827586,0.5862068965517241,-0.17241379310344823,3.459591697723325,0.578420467185762,0.42157953281423804,0.15684093437152397
171130-01-top,171130,10:40:00 AM,10:55:00 AM,f,False,filtered_food_odor_100uL,171129,09:30:00 AM,gcamp,2.987463262401052,0.4521690767519466,0.5478309232480534,-0.09566184649610676,4.856808929560761,0.7274749721913237,0.2725250278086763,0.4549499443826474
171130-01-bottom,171130,10:40:00 AM,10:55:00 AM,f,False,filtered_food_odor_100uL,171129,09:30:00 AM,gcamp,2.2356450867019038,0.24485253199777407,0.755147468002226,-0.510294936004452,3.207856065593029,0.5514746800222593,0.4485253199777407,0.1029493600445186
171130-02-top,171130,11:16:00 AM,11:31:00 AM,f,False,filtered_food_odor_100uL,171129,09:30:00 AM,gcamp,2.2146423326719287,0.4421579532814238,0.5578420467185762,-0.11568409343715236,4.499098719351116,0.5553085047248472,0.44469149527515284,0.11061700944969433
171130-02-bottom,171130,11:16:00 AM,11:31:00 AM,f,False,filtered_food_odor_100uL,171129,09:30:00 AM,gcamp,2.3323426551705886,0.03781979977753059,0.9621802002224694,-0.9243604004449388,3.076240722832841,0.5545050055617352,0.44549499443826474,0.10901001112347047
171130-04-top,171130,12:16:00 PM,12:31:00 PM,f,False,filtered_food_odor_100uL,171129,09:30:00 AM,gcamp,3.4430622205729184,0.6642579210672596,0.3357420789327404,0.3285158421345192,5.637358958786599,0.7814238042269188,0.2185761957730812,0.5628476084538376
171130-04-bottom,171130,12:16:00 PM,12:31:00 PM,f,False,filtered_food_odor_100uL,171129,09:30:00 AM,gcamp,2.5872575225785623,0.685761957730812,0.314238042269188,0.37152391546162405,3.6249774328527766,0.7630700778642937,0.23692992213570635,0.5261401557285874
171130-05-top,171130,12:51:00 PM,01:06:00 PM,f,False,filtered_food_odor_100uL,171129,09:30:00 AM,gcamp,1.3357090837793872,0.7880978865406006,0.21190211345939933,0.5761957730812013,2.5606645033042117,0.4833147942157953,0.5166852057842046,-0.03337041156840931
171130-05-bottom,171130,12:51:00 PM,01:06:00 PM,m,False,filtered_food_odor_100uL,171129,09:30:00 AM,gcamp,1.8007047855893636,0.4074485825458588,0.5925514174541412,-0.1851028349082824,2.5141790458938225,0.985539488320356,0.014460511679644048,0.971078976640712
171130-06-top,171130,03:29:00 PM,03:44:00 PM,m,False,filtered_food_odor_100uL,171129,09:30:00 AM,gcamp,3.4603214497306887,0.4082313681868743,0.5917686318131257,-0.1835372636262514,2.5306479974380642,0.5556173526140156,0.44438264738598443,0.11123470522803114
171130-06-bottom,171130,03:29:00 PM,03:44:00 PM,f,False,filtered_food_odor_100uL,171129,09:30:00 AM,gcamp,2.550955895595855,0.4682981090100111,0.5317018909899889,-0.06340378197997776,3.1473863031255,0.582313681868743,0.41768631813125695,0.16462736373748604
171130-07-top,171130,04:03:00 PM,04:18:00 PM,f,False,filtered_food_odor_100uL,171129,09:30:00 AM,gcamp,0.924847611879234,0.8587319243604005,0.14126807563959956,0.7174638487208009,0.8303479054425195,1.0,0.0,1.0
171130-07-bottom,171130,04:03:00 PM,04:18:00 PM,,True,filtered_food_odor_100uL,171129,09:30:00 AM,gcamp,5.835814675565866,0.5895439377085651,0.41045606229143494,0.17908787541713012,3.0313485963453037,0.6820455808782657,0.3179544191217343,0.36409116175653145
171130-08-bottom,171130,04:38:00 PM,04:53:00 PM,f,False,filtered_food_odor_100uL,171129,09:30:00 AM,gcamp,2.4530048218845795,0.5139043381535039,0.4860956618464961,0.027808676307007785,3.1105679563523343,0.7085650723025584,0.2914349276974416,0.41713014460511677
171214-03-top,171214,11:48:00 AM,12:03:00 PM,m,False,filtered_food_odor_100uL,171213,10:15:00 AM,gcamp,2.0912403419056393,0.7863105175292153,0.21368948247078465,0.5726210350584306,2.537631600741504,0.6768631813125695,0.3231368186874305,0.353726362625139
171214-03-bottom,171214,11:48:00 AM,12:03:00 PM,f,False,filtered_food_odor_100uL,171213,10:15:00 AM,gcamp,2.543582330435016,0.39988876529477196,0.600111234705228,-0.20022246941045602,4.88357031937087,0.7413793103448276,0.25862068965517243,0.4827586206896552
171214-06-top,171214,02:06:00 PM,02:21:00 PM,m,False,filtered_food_odor_100uL,171213,10:15:00 AM,orco5_gcamp,1.9727263645090554,0.5275152862701501,0.4724847137298499,0.05503057254030019,2.5231399255159217,0.6781545302946081,0.3218454697053919,0.35630906058921624
171214-06-bottom,171214,02:06:00 PM,02:21:00 PM,f,False,filtered_food_odor_100uL,171213,10:15:00 AM,orco5_gcamp,1.7914939299594168,0.4710789766407119,0.5289210233592881,-0.057842046718576234,2.1713712503992513,0.5444938820912124,0.45550611790878753,0.08898776418242488
171214-07-top,171214,02:41:00 PM,02:56:00 PM,f,False,filtered_food_odor_100uL,171213,10:15:00 AM,orco5_gcamp,3.3301524533671834,0.5517241379310345,0.4482758620689655,0.10344827586206895,3.155690590815656,0.7865480822679266,0.21345191773207337,0.5730961645358532
171214-07-bottom,171214,02:41:00 PM,02:56:00 PM,m,False,filtered_food_odor_100uL,171213,10:15:00 AM,orco5_gcamp,1.6577389409897527,0.4727474972191324,0.5272525027808677,-0.054505005561735265,1.064568786243067,0.22691879866518352,0.7730812013348165,-0.546162402669633
171214-08-top,171214,03:16:00 PM,03:31:00 PM,m,False,milliQ_water_100uL,171213,10:15:00 AM,orco5_gcamp,3.063227223607924,0.45383759733036705,0.5461624026696329,-0.09232480533926585,6.186435224260224,0.43659621802002224,0.5634037819799778,-0.12680756395995552
171214-08-bottom,171214,03:16:00 PM,03:31:00 PM,m,False,milliQ_water_100uL,171213,10:15:00 AM,orco5_gcamp,1.8970782048639832,0.8337041156840934,0.16629588431590656,0.6674082313681868,2.8811071504097368,0.22302558398220246,0.7769744160177976,-0.5539488320355952
171214-09-top,171214,03:50:00 PM,04:05:00 PM,m,False,milliQ_water_100uL,171213,10:15:00 AM,orco5_gcamp,3.0605097851436502,0.7296996662958843,0.27030033370411566,0.4593993325917687,5.300420604494208,0.6017797552836485,0.3982202447163515,0.203559510567297
171214-09-bottom,171214,03:50:00 PM,04:05:00 PM,m,False,milliQ_water_100uL,171213,10:15:00 AM,orco5_gcamp,2.345138730418722,0.5903279599777654,0.40967204002223456,0.18065591995553087,3.5958763302585934,0.5695216907675195,0.43047830923248054,0.13904338153503892
171214-10-top,171214,04:24:00 PM,04:39:00 PM,f,False,milliQ_water_100uL,171213,10:15:00 AM,orco5_gcamp,1.6651584729180686,0.19632925472747498,0.803670745272525,-0.60734149054505,3.117889303002195,0.25139043381535037,0.7486095661846496,-0.4972191323692992
171214-10-bottom,171214,04:24:00 PM,04:39:00 PM,m,False,milliQ_water_100uL,171213,10:15:00 AM,orco5_gcamp,1.6933517111807221,0.228587319243604,0.771412680756396,-0.542825361512792,2.477971837458819,0.24458032240133407,0.7554196775986659,-0.5108393551973318
171215-09-top,171215,03:54:00 PM,04:09:00 PM,f,False,milliQ_water_100uL,121214,09:45:00 AM,orco5_gcamp,4.0534807074210075,0.3804226918798665,0.6195773081201335,-0.23915461624026696,3.1363667817726806,0.43159065628476084,0.5684093437152391,-0.13681868743047826
171215-09-bottom,171215,03:54:00 PM,04:09:00 PM,f,False,milliQ_water_100uL,121214,09:45:00 AM,orco5_gcamp,2.5684364606521206,0.6952169076751946,0.3047830923248053,0.3904338153503893,4.838937281650564,0.44493882091212456,0.5550611790878754,-0.11012235817575089
171215-10-top,171215,04:31:00 PM,04:46:00 PM,f,False,milliQ_water_100uL,121214,09:45:00 AM,orco5_gcamp,1.4269749959127072,0.4833147942157953,0.5166852057842046,-0.03337041156840931,6.182817288236825,0.5506117908787542,0.44938820912124583,0.1012235817575084
171215-10-bottom,171215,04:31:00 PM,04:46:00 PM,f,False,milliQ_water_100uL,121214,09:45:00 AM,orco5_gcamp,1.514190201922645,0.20745272525027808,0.7925472747497219,-0.5850945494994437,1.3983212243987302,0.6301446051167965,0.36985539488320357,0.2602892102335929
171218-01-top,171218,11:01:00 AM,11:16:00 AM,m,False,filtered_food_odor_100uL,171217,11:15:00 AM,gr3_gcamp,1.716686202644116,0.40433815350389324,0.5956618464961068,-0.19132369299221352,2.0344044018363694,0.5984427141268076,0.40155728587319245,0.19688542825361516
171218-01-bottom,171218,11:01:00 AM,11:16:00 AM,m,False,filtered_food_odor_100uL,171217,11:15:00 AM,gr3_gcamp,3.5874250191376316,0.5684093437152391,0.43159065628476084,0.13681868743047826,1.9717015811352332,0.7919911012235817,0.20800889877641823,0.5839822024471635
171218-02-top,171218,11:37:00 AM,11:52:00 AM,m,False,filtered_food_odor_100uL,171217,11:15:00 AM,gr3_gcamp,2.4873346571931907,0.5528364849833148,0.4471635150166852,0.10567296996662962,2.1260955631225182,0.6243739565943238,0.3756260434056761,0.2487479131886477
171218-02-bottom,171218,11:37:00 AM,11:52:00 AM,f,False,filtered_food_odor_100uL,171217,11:15:00 AM,gr3_gcamp,2.638713226474161,0.768075639599555,0.23192436040044495,0.5361512791991101,3.234180784342924,0.7808676307007787,0.21913236929922136,0.5617352614015574
171218-03-top,171218,12:52:00 PM,01:07:00 PM,f,False,filtered_food_odor_100uL,171217,11:15:00 AM,gr3_gcamp,1.8167915404708932,0.4994438264738598,0.5005561735261401,-0.0011123470522803047,2.2351115932746812,0.9237618252643295,0.07623817473567056,0.847523650528659
171218-03-bottom,171218,12:52:00 PM,01:07:00 PM,,True,filtered_food_odor_100uL,171217,11:15:00 AM,gr3_gcamp,2.4026155016258537,0.3581757508342603,0.6418242491657397,-0.28364849833147937,2.204222625700159,0.820455808782657,0.17954419121734297,0.640911617565314
171218-04-top,171218,01:25:00 PM,01:40:00 PM,f,False,filtered_food_odor_100uL,171217,11:15:00 AM,gr3_gcamp,2.3326360351365585,0.41101223581757507,0.5889877641824249,-0.17797552836484987,1.671778130897287,0.6994991652754591,0.3005008347245409,0.39899833055091816
171218-04-bottom,171218,01:25:00 PM,01:40:00 PM,m,False,filtered_food_odor_100uL,171217,11:15:00 AM,gr3_gcamp,2.4132748432818287,0.5695216907675195,0.43047830923248054,0.13904338153503892,2.8565366511021755,0.7347052280311457,0.26529477196885426,0.4694104560622914
171218-05-top,171218,02:17:00 PM,02:32:00 PM,,True,filtered_food_odor_100uL,171217,11:15:00 AM,gr3_gcamp,2.616305979740234,0.5311457174638488,0.4688542825361513,0.06229143492769745,2.1284762419558834,0.555370061213133,0.444629938786867,0.11074012242626602
171218-05-bottom,171218,02:17:00 PM,02:32:00 PM,m,False,filtered_food_odor_100uL,171217,11:15:00 AM,gr3_gcamp,1.236006021131301,0.664071190211346,0.3359288097886541,0.3281423804226919,2.02266824112989,0.8375973303670745,0.16240266963292546,0.675194660734149
171218-06-top,171218,02:52:00 PM,03:07:00 PM,m,False,filtered_food_odor_100uL,171217,11:15:00 AM,gr3_gcamp,3.0517581110213636,0.28809788654060065,0.7119021134593994,-0.4238042269187987,2.227818900145695,0.6362625139043382,0.36373748609566187,0.2725250278086763
171218-06-bottom,171218,02:52:00 PM,03:07:00 PM,f,False,filtered_food_odor_100uL,171217,11:15:00 AM,gr3_gcamp,2.471989323116948,0.41411895497498613,0.5858810450250139,-0.1717620900500278,2.0933380853781545,0.6273637374860956,0.37263626251390436,0.2547274749721913
171218-07-top,171218,03:27:00 PM,03:42:00 PM,m,False,filtered_food_odor_100uL,171217,11:15:00 AM,gr3_gcamp,2.5083152637757586,0.4130072262367982,0.5864369093941079,-0.17342968315730967,2.0483519738167297,0.6362625139043382,0.36373748609566187,0.2725250278086763
171218-07-bottom,171218,03:27:00 PM,03:42:00 PM,m,False,filtered_food_odor_100uL,171217,11:15:00 AM,gr3_gcamp,2.261613298099979,0.47915508615897723,0.5208449138410228,-0.0416898276820456,1.7002523044156719,0.8075639599555061,0.19243604004449388,0.6151279199110122
171218-08-top,171218,04:03:00 PM,04:18:00 PM,m,False,filtered_food_odor_100uL,171217,11:15:00 AM,gr3_gcamp,2.5173642476280027,0.6151279199110122,0.38487208008898777,0.23025583982202447,2.135969154536546,0.9016120066703724,0.09783212896053363,0.8037798777098388
171218-08-bottom,171218,04:03:00 PM,04:18:00 PM,,True,filtered_food_odor_100uL,171217,11:15:00 AM,gr3_gcamp,3.0512343961381534,0.5494994438264739,0.45050055617352613,0.09899888765294773,3.1682658200290494,0.6259032795997777,0.37409672040022235,0.2518065591995553
171218-09-top,171218,04:37:00 PM,04:52:00 PM,m,False,filtered_food_odor_100uL,171217,11:15:00 AM,gr3_gcamp,3.2958230733620297,0.7015008337965536,0.29849916620344635,0.40300166759310724,3.8797105780853545,0.44438264738598443,0.5556173526140156,-0.11123470522803114
171218-09-bottom,171218,04:37:00 PM,04:52:00 PM,f,False,filtered_food_odor_100uL,171217,11:15:00 AM,gr3_gcamp,3.446065439097768,0.3309232480533927,0.6690767519466073,-0.33815350389321464,4.735509666324039,0.5522803114571746,0.44771968854282534,0.10456062291434925
171218-10-top,171218,05:11:00 PM,05:26:00 PM,,True,filtered_food_odor_100uL,171217,11:15:00 AM,gr3_gcamp,1.3465389006342807,0.30739299610894943,0.6926070038910506,-0.38521400778210113,1.4722558505998593,0.5834260289210234,0.41657397107897665,0.1668520578420467
171218-10-bottom,171218,05:11:00 PM,05:26:00 PM,m,False,filtered_food_odor_100uL,171217,11:15:00 AM,gr3_gcamp,2.589531893918956,0.44382647385984425,0.5561735261401557,-0.11234705228031144,2.8690576317246235,0.7124582869855395,0.2875417130144605,0.42491657397107896
180112-01-top,180112,10:30:00 AM,10:45:00 AM,f,False,milliQ_water_100uL,180111,10:30:00 AM,wt,1.8644045541774388,0.4771968854282536,0.5228031145717463,-0.045606229143492716,1.944055760704353,0.3720800889877642,0.6279199110122358,-0.2558398220244716
180112-01-bottom,180112,10:30:00 AM,10:45:00 AM,m,False,milliQ_water_100uL,180111,10:30:00 AM,wt,4.105084493191379,0.4221357063403782,0.5778642936596218,-0.15572858731924355,7.411913833748552,0.4794215795328142,0.5205784204671857,-0.0411568409343715
180112-02-top,180112,11:07:00 AM,11:22:00 AM,m,False,milliQ_water_100uL,180111,10:30:00 AM,wt,2.2601965092835172,0.5072302558398221,0.492769744160178,0.014460511679644072,1.5093102546187769,0.3229571984435798,0.6770428015564203,-0.3540856031128405
180112-02-bottom,180112,11:07:00 AM,11:22:00 AM,m,False,milliQ_water_100uL,180111,10:30:00 AM,wt,1.9662124129607172,0.12903225806451613,0.8709677419354839,-0.7419354838709677,3.8656196183126084,0.4733036707452725,0.5266963292547274,-0.053392658509454904
180112-03-top,180112,11:43:00 AM,11:58:00 AM,f,False,milliQ_water_100uL,180111,10:30:00 AM,wt,7.003363431594227,0.5113952195664258,0.4886047804335742,0.02279043913285156,9.155057488265657,0.5328142380422692,0.4671857619577308,0.06562847608453842
180112-03-bottom,180112,11:43:00 AM,11:58:00 AM,f,False,milliQ_water_100uL,180111,10:30:00 AM,wt,4.845810975706491,0.5586436909394108,0.4413563090605892,0.1172873818788216,3.7694555297401484,0.5739710789766407,0.42602892102335926,0.14794215795328142
180112-04-top,180112,01:01:00 PM,01:16:00 PM,f,False,milliQ_water_100uL,180111,10:30:00 AM,wt,2.5097094643768734,0.5422691879866518,0.45773081201334814,0.08453837597330366,6.0606988379319064,0.46774193548387094,0.532258064516129,-0.06451612903225806
180112-04-bottom,180112,01:01:00 PM,01:16:00 PM,m,False,milliQ_water_100uL,180111,10:30:00 AM,wt,1.7842913838901207,0.5764313507504168,0.4235686492495831,0.15286270150083375,2.9220349441678213,0.4947192884936076,0.5052807115063924,-0.010561423012784843
180112-05-top,180112,01:41:00 PM,01:56:00 PM,m,False,milliQ_water_100uL,180111,10:30:00 AM,wt,1.3452932421786472,0.4866518353726363,0.5133481646273638,-0.02669632925472748,0.8717291195929131,0.1528627015008338,0.8471372984991662,-0.6942745969983324
180112-05-bottom,180112,01:41:00 PM,01:56:00 PM,f,False,milliQ_water_100uL,180111,10:30:00 AM,wt,3.8300210005614375,0.5989988876529477,0.40100111234705227,0.19799777530589546,4.975668419005224,0.5317018909899889,0.4682981090100111,0.06340378197997776
180112-06-top,180112,02:16:00 PM,02:31:00 PM,,True,milliQ_water_100uL,180111,10:30:00 AM,wt,5.79518144185593,0.4833147942157953,0.5166852057842046,-0.03337041156840931,7.764959650598647,0.45439377085650723,0.5456062291434928,-0.09121245828698554
180112-06-bottom,180112,02:16:00 PM,02:31:00 PM,m,False,milliQ_water_100uL,180111,10:30:00 AM,wt,0.46688971698306697,1.0,0.0,1.0,0.4745103739430552,0.9538632573652029,0.04613674263479711,0.9077265147304059
180112-07-top,180112,02:51:00 PM,03:06:00 PM,f,False,milliQ_water_100uL,180111,10:30:00 AM,wt,2.8297418732217596,0.5489432703003337,0.4510567296996663,0.09788654060066743,9.337162262113242,0.4688542825361513,0.5311457174638488,-0.06229143492769745
180112-07-bottom,180112,02:51:00 PM,03:06:00 PM,f,False,milliQ_water_100uL,180111,10:30:00 AM,wt,1.8721760784031292,0.7385984427141268,0.26140155728587317,0.4771968854282536,2.723412200488836,0.7730812013348165,0.22691879866518352,0.546162402669633
180112-08-top,180112,03:28:00 PM,03:43:00 PM,f,False,milliQ_water_100uL,180111,10:30:00 AM,wt,2.0243684818403707,0.6434927697441601,0.3565072302558398,0.28698553948832034,3.943343965299461,0.37652947719688545,0.6234705228031145,-0.2469410456062291
180112-08-bottom,180112,03:28:00 PM,03:43:00 PM,f,False,milliQ_water_100uL,180111,10:30:00 AM,wt,2.465201741281407,0.7119021134593994,0.28809788654060065,0.4238042269187987,3.3105612580273758,0.6662958843159066,0.3337041156840934,0.33259176863181317
180112-09-top,180112,04:03:00 PM,04:18:00 PM,m,False,milliQ_water_100uL,180111,10:30:00 AM,wt,3.780604172191504,0.5289210233592881,0.4710789766407119,0.057842046718576234,5.395677790046759,0.41379310344827586,0.5862068965517241,-0.17241379310344823
180112-09-bottom,180112,04:03:00 PM,04:18:00 PM,f,False,milliQ_water_100uL,180111,10:30:00 AM,wt,2.743244580803641,0.5239154616240267,0.4760845383759733,0.04783092324805338,1.8407036132557797,0.3943270300333704,0.6056729699666296,-0.21134593993325917
180112-10-top,180112,04:38:00 PM,04:53:00 PM,m,False,milliQ_water_100uL,180111,10:30:00 AM,wt,1.9612954942537346,0.45803224013340743,0.5419677598665925,-0.08393551973318508,4.08575818253549,0.42880978865406005,0.57119021134594,-0.1423804226918799
180112-10-bottom,180112,04:38:00 PM,04:53:00 PM,m,False,milliQ_water_100uL,180111,10:30:00 AM,wt,3.3402184582225565,0.5478309232480534,0.4521690767519466,0.09566184649610676,5.622609413343918,0.5361512791991101,0.4638487208008899,0.0723025583982202
180222-01-top,180222,10:20:00 AM,10:35:00 AM,f,False,1-octen-3-ol_100um,180221,09:30:00 AM,gcamp,0.8954131482263195,0.6312569521690767,0.36874304783092327,0.26251390433815347,1.0490515531271984,0.5984427141268076,0.40155728587319245,0.19688542825361516
180222-02-top,180222,11:10:00 AM,11:25:00 AM,m,False,1-octen-3-ol_100um,180221,09:30:00 AM,gcamp,3.066001815026785,0.6040044493882091,0.39599555061179087,0.2080088987764182,2.588662302070252,0.44271412680756395,0.557285873192436,-0.11457174638487211
180222-02-bottom,180222,11:10:00 AM,11:25:00 AM,m,False,1-octen-3-ol_100um,180221,09:30:00 AM,gcamp,1.801006932949315,0.7313681868743048,0.26863181312569523,0.4627363737486096,1.5381677314038906,0.8192436040044494,0.1807563959955506,0.6384872080088988
180222-03-top,180222,12:38:00 PM,12:53:00 PM,m,False,1-octen-3-ol_100um,180221,09:30:00 AM,gcamp,2.619148747623109,0.6392440244580322,0.36075597554196775,0.27848804891606443,2.700348066178047,0.35984427141268077,0.6401557285873193,-0.2803114571746385
180222-03-bottom,180222,12:38:00 PM,12:53:00 PM,f,False,1-octen-3-ol_100um,180221,09:30:00 AM,gcamp,1.431374666317204,0.47915508615897723,0.5208449138410228,-0.0416898276820456,1.7916266529048197,0.5183537263626251,0.48164627363737483,0.03670745272525028
180222-04-top,180222,01:10:00 PM,01:25:00 PM,m,False,1-octen-3-ol_100um,180221,09:30:00 AM,gcamp,2.8016704612073258,0.3348164627363737,0.6651835372636262,-0.3303670745272525,2.7976594316969607,0.22580645161290322,0.7741935483870968,-0.5483870967741935
180222-04-bottom,180222,01:10:00 PM,01:25:00 PM,m,False,1-octen-3-ol_100um,180221,09:30:00 AM,gcamp,1.3537151252346016,0.9649610678531702,0.035038932146829814,0.9299221357063403,1.2643352138549435,0.8437152391546162,0.15628476084538376,0.6874304783092324
180222-05-top,180222,02:47:00 PM,03:05:00 PM,m,False,1-octen-3-ol_100um,180221,09:30:00 AM,gcamp,2.3114583884323205,0.4421579532814238,0.5578420467185762,-0.11568409343715236,1.497660559820619,0.3270300333704116,0.6729699666295884,-0.3459399332591768
180222-05-bottom,180222,02:47:00 PM,03:05:00 PM,m,False,1-octen-3-ol_100um,180221,09:30:00 AM,gcamp,0.837987589297809,0.3203559510567297,0.6796440489432704,-0.35928809788654065,0.6032933131640358,1.0,0.0,1.0
180222-06-top,180222,03:25:00 PM,03:40:00 PM,m,False,1-octen-3-ol_100um,180221,09:30:00 AM,gcamp,1.6375787579371244,0.8120133481646273,0.18798665183537264,0.6240266963292547,1.563577084770314,0.4969393433500278,0.5030606566499721,-0.006121313299944309
180222-06-bottom,180222,03:25:00 PM,03:40:00 PM,m,False,1-octen-3-ol_100um,180221,09:30:00 AM,gcamp,6.2909845188250895,0.4460511679644049,0.5539488320355951,-0.10789766407119017,8.46124106551573,0.44382647385984425,0.5561735261401557,-0.11234705228031144
180222-07-top,180222,04:00:00 PM,04:15:00 PM,m,False,1-octen-3-ol_100um,180221,09:30:00 AM,gcamp,2.129149177275486,0.27085650723025584,0.7291434927697441,-0.45828698553948827,2.848582468296992,0.7002224694104561,0.29977753058954393,0.40044493882091214
180222-07-bottom,180222,04:00:00 PM,04:15:00 PM,f,False,1-octen-3-ol_100um,180221,09:30:00 AM,gcamp,5.059020853559813,0.5767519466073415,0.42324805339265853,0.153503893214683,6.831999897192858,0.528071150639244,0.47192884936075596,0.05614230127848807
180222-08-top,180222,04:35:00 PM,04:50:00 PM,m,False,1-octen-3-ol_100um,180221,09:30:00 AM,gcamp,2.384959076577352,0.40600667408231367,0.5939933259176863,-0.1879866518353726,3.333485825031561,0.4791318864774624,0.5208681135225376,-0.04173622704507518
180312-01-top,180312,10:25:00 AM,10:40:00 AM,f,False,1-octen-3-ol_100um,180311,09:30:00 AM,orco5_gcamp,2.5097729710549617,0.6129032258064516,0.3870967741935484,0.22580645161290325,3.926754835465985,0.5684093437152391,0.43159065628476084,0.13681868743047826
180312-01-bottom,180312,10:25:00 AM,10:40:00 AM,m,False,1-octen-3-ol_100um,180311,09:30:00 AM,orco5_gcamp,2.460272141457221,0.21802002224694106,0.7819799777530589,-0.5639599555061179,2.7566880195762224,0.4382647385984427,0.5617352614015573,-0.12347052280311455
180312-02-top,180312,11:00:00 AM,11:15:00 AM,m,False,1-octen-3-ol_100um,180311,09:30:00 AM,orco5_gcamp,1.5022628529857494,0.5773081201334817,0.42269187986651835,0.1546162402669633,2.9844266303161033,0.23581757508342602,0.764182424916574,-0.5283648498331479
180312-02-bottom,180312,11:00:00 AM,11:15:00 AM,f,False,1-octen-3-ol_100um,180311,09:30:00 AM,orco5_gcamp,3.418810511868682,0.5506117908787542,0.44938820912124583,0.1012235817575084,5.175743601282275,0.4988876529477197,0.5011123470522804,-0.002224694104560665
180312-03-top,180312,11:37:00 AM,11:54:00 AM,f,False,1-octen-3-ol_100um,180311,09:30:00 AM,orco5_gcamp,2.877515723293045,0.8064516129032258,0.1935483870967742,0.6129032258064515,5.2582133085632625,0.5072302558398221,0.492769744160178,0.014460511679644072
180312-03-bottom,180312,11:37:00 AM,11:54:00 AM,f,False,1-octen-3-ol_100um,180311,09:30:00 AM,orco5_gcamp,3.802109667424893,0.5467185761957731,0.4532814238042269,0.09343715239154621,2.7293577486980607,0.6507230255839822,0.3492769744160178,0.3014460511679644
180312-04-top,180312,01:10:00 PM,01:25:00 PM,m,False,1-octen-3-ol_100um,180311,09:30:00 AM,orco5_gcamp,2.778209041949614,0.4738598442714127,0.5261401557285873,-0.0522803114571746,2.2465146601323718,0.8515016685205784,0.14849833147942157,0.7030033370411568
180312-04-bottom,180312,01:10:00 PM,01:25:00 PM,m,False,1-octen-3-ol_100um,180311,09:30:00 AM,orco5_gcamp,1.4533597170191892,0.4432703003337041,0.5567296996662959,-0.1134593993325918,1.950234664885743,0.44549499443826474,0.5545050055617352,-0.10901001112347047
180312-05-bottom,180312,01:48:00 PM,02:03:00 PM,m,False,1-octen-3-ol_100um,180311,09:30:00 AM,orco5_gcamp,5.034633109087217,0.43548387096774194,0.5645161290322581,-0.12903225806451618,8.312178077063345,0.5278086763070078,0.4721913236929922,0.05561735261401557
180312-06-top,180312,02:25:00 PM,02:40:00 PM,f,False,1-octen-3-ol_100um,180311,09:30:00 AM,orco5_gcamp,4.777932916694412,0.2936596218020022,0.7063403781979978,-0.41268075639599555,7.4242967738165735,0.548082267926626,0.4519177320733741,0.09616453585325185
180312-06-bottom,180312,02:25:00 PM,02:40:00 PM,f,False,1-octen-3-ol_100um,180311,09:30:00 AM,orco5_gcamp,4.608486043967093,0.453029460811562,0.5469705391884381,-0.0939410783768761,4.8934758223920545,0.6151279199110122,0.38487208008898777,0.23025583982202447
180312-07-top,180312,04:17:00 PM,04:32:00 PM,f,False,1-octen-3-ol_100um,180311,09:30:00 AM,orco5_gcamp,2.4448553756535403,0.6056729699666296,0.3943270300333704,0.21134593993325917,3.7601267806221434,0.5789766407119021,0.42102335928809786,0.15795328142380427
180312-07-bottom,180312,04:17:00 PM,04:32:00 PM,f,False,1-octen-3-ol_100um,180311,09:30:00 AM,orco5_gcamp,1.8483109994404616,0.8342602892102335,0.1657397107897664,0.6685205784204671,2.2146483483634904,0.6017797552836485,0.3982202447163515,0.203559510567297
180312-08-top,180312,04:55:00 PM,05:10:00 PM,f,False,1-octen-3-ol_100um,180311,09:30:00 AM,orco5_gcamp,4.9299297518272045,0.5672969966629589,0.43270300333704115,0.1345939933259177,6.3012921084095,0.5216907675194661,0.4783092324805339,0.04338153503893216
180312-08-bottom,180312,04:55:00 PM,05:45:00 PM,m,False,1-octen-3-ol_100um,180311,09:30:00 AM,orco5_gcamp,1.4563594649887766,0.039488320355951054,0.9605116796440489,-0.9210233592880979,1.7123512122449944,0.08231368186874305,0.917686318131257,-0.835372636262514
180312-09-bottom,180312,05:30:00 PM,05:45:00 PM,f,False,1-octen-3-ol_100um,180311,09:30:00 AM,orco5_gcamp,2.9334564658711875,0.575319622012229,0.424680377987771,0.150639244024458,1.9711031670541899,0.6612903225806451,0.3387096774193548,0.3225806451612903
180313-01-top,180313,10:32:00 AM,10:47:00 AM,f,False,1-octen-3-ol_100um,180312,09:30:00 AM,gr3_gcamp,4.258382145348105,0.5639599555061179,0.4360400444938821,0.12791991101223577,6.5589888877447216,0.42102335928809786,0.5789766407119021,-0.15795328142380427
180313-01-bottom,180313,10:32:00 AM,10:47:00 AM,m,False,1-octen-3-ol_100um,180312,09:30:00 AM,gr3_gcamp,2.922139191825272,0.40044493882091214,0.5995550611790879,-0.1991101223581757,2.4191977873054733,0.3398220244716352,0.6601779755283649,-0.3203559510567297
180313-02-top,180313,11:08:00 AM,11:23:00 AM,m,False,1-octen-3-ol_100um,180312,09:30:00 AM,gr3_gcamp,3.0929670873517305,0.39466370205669815,0.6053362979433018,-0.21067259588660364,3.655435581877919,0.3720800889877642,0.6279199110122358,-0.2558398220244716
180313-02-bottom,180313,11:08:00 AM,11:23:00 AM,m,False,1-octen-3-ol_100um,180312,09:30:00 AM,gr3_gcamp,3.042082687231237,0.4271412680756396,0.5728587319243604,-0.1457174638487208,3.8239328609330485,0.4593993325917686,0.5406006674082313,-0.08120133481646269
180313-03-top,180313,11:42:00 AM,11:57:00 AM,m,False,1-octen-3-ol_100um,180312,09:30:00 AM,gr3_gcamp,3.5907338100307995,0.5297718419588202,0.47022815804117973,0.05954368391764048,3.6931304467724786,0.40934371523915464,0.5906562847608454,-0.18131256952169078
180313-03-bottom,180313,11:42:00 AM,11:57:00 AM,f,False,1-octen-3-ol_100um,180312,09:30:00 AM,gr3_gcamp,4.306384362341614,0.6407119021134594,0.3592880978865406,0.2814238042269188,2.9306572571064318,0.5450500556173526,0.4549499443826474,0.09010011123470524
180313-04-top,180313,12:52:00 PM,01:13:00 PM,f,False,1-octen-3-ol_100um,180312,09:30:00 AM,gr3_gcamp,2.186983079205264,0.6907675194660734,0.3092324805339266,0.3815350389321468,2.5827246265970536,0.5364091161756531,0.4635908838243469,0.07281823235130624
180313-05-top,180313,01:30:00 PM,01:45:00 PM,f,False,1-octen-3-ol_100um,180312,09:30:00 AM,gr3_gcamp,3.541691331864286,0.28197997775305894,0.7180200222469411,-0.4360400444938821,7.012987521106642,0.39621591541457984,0.6037840845854201,-0.20756816917084026
180313-05-bottom,180313,01:30:00 PM,01:45:00 PM,m,False,1-octen-3-ol_100um,180312,09:30:00 AM,gr3_gcamp,3.686742532359863,0.7178631051752922,0.28213689482470783,0.43572621035058434,4.0075289622622,0.41078376876042244,0.5892162312395776,-0.17843246247915512
180313-06-top,180313,02:03:00 PM,02:19:00 PM,m,False,1-octen-3-ol_100um,180312,09:30:00 AM,gr3_gcamp,2.622963103171919,0.6117908787541713,0.3882091212458287,0.22358175750834258,3.8113485700494545,0.3420467185761958,0.6579532814238043,-0.3159065628476085
180313-06-bottom,180313,02:03:00 PM,02:19:00 PM,m,False,1-octen-3-ol_100um,180312,09:30:00 AM,gr3_gcamp,1.5188097056048915,0.3242491657397108,0.6757508342602893,-0.35150166852057846,2.013325966128304,0.4994438264738598,0.5005561735261401,-0.0011123470522803047
180313-07-top,180313,02:38:00 PM,02:53:00 PM,f,False,1-octen-3-ol_100um,180312,09:30:00 AM,gr3_gcamp,3.9055088457992846,0.4933259176863181,0.5066740823136818,-0.013348164627363712,4.854656143812221,0.5083426028921023,0.4916573971078977,0.016685205784204626
180313-07-bottom,180313,02:38:00 PM,02:53:00 PM,m,False,1-octen-3-ol_100um,180312,09:30:00 AM,gr3_gcamp,3.3036565984529234,0.38153503893214685,0.6184649610678532,-0.23692992213570635,3.915254809695318,0.4952751528627015,0.5047248471372985,-0.009449694274596965
180313-08-top,180313,03:13:00 PM,03:29:00 PM,m,False,1-octen-3-ol_100um,180312,09:30:00 AM,gr3_gcamp,2.949684717252798,0.768075639599555,0.23192436040044495,0.5361512791991101,3.488580770136254,0.4905450500556173,0.5094549499443827,-0.018909899888765347
180313-08-bottom,180313,03:13:00 PM,03:29:00 PM,m,False,1-octen-3-ol_100um,180312,09:30:00 AM,gr3_gcamp,3.7907628985536217,0.6264591439688716,0.3735408560311284,0.2529182879377432,4.058713752489078,0.2975528364849833,0.7024471635150167,-0.40489432703003336
180313-09-top,180313,03:50:00 PM,04:05:00 PM,f,False,1-octen-3-ol_100um,180312,09:30:00 AM,gr3_gcamp,3.810499844431481,0.5647581989994441,0.4352418010005559,0.12951639799888826,4.543469921355084,0.4866518353726363,0.5133481646273638,-0.02669632925472748
180313-09-bottom,180313,03:50:00 PM,04:05:00 PM,m,False,1-octen-3-ol_100um,180312,09:30:00 AM,gr3_gcamp,2.217094261245349,0.1935483870967742,0.8064516129032258,-0.6129032258064515,7.900325643298401,0.4560622914349277,0.5439377085650723,-0.08787541713014457
