animal_ID,experiment_date,acclimate_start,experiment_start,sex,dead,treatment_odor,Experiment_Acclimate,starve_date,starve_time,background,mean_speed_mm,%_time_L_half,%_time_R_half,PI_(L-R)
171018-01-top,171018,2:41:00 PM,2:56:00 PM,f,False,milliQ_water_100uL,E,171017,1:00:00 PM,orco5_gcamp,2.3779306614,0.7636262514,0.2363737486,0.5272525028
171018-01-bottom,171018,2:41:00 PM,2:56:00 PM,m,False,milliQ_water_100uL,E,171017,1:00:00 PM,orco5_gcamp,2.0425195066,0.1956642579,0.8043357421,-0.6086714842
171018-02-top,171018,3:17:00 PM,3:32:00 PM,f,False,milliQ_water_100uL,E,171017,1:00:00 PM,orco5_gcamp,1.4380064174,0.7413793103,0.2586206897,0.4827586207
171018-02-bottom,171018,3:17:00 PM,3:32:00 PM,f,False,milliQ_water_100uL,E,171017,1:00:00 PM,orco5_gcamp,2.8166488676,0.3153503893,0.6846496107,-0.3692992214
171018-03-top,171018,3:52:00 PM,4:07:00 PM,,True,milliQ_water_100uL,E,171017,1:00:00 PM,orco5_gcamp,2.1067187263,0.4738598443,0.5261401557,-0.0522803115
171018-03-bottom,171018,3:52:00 PM,4:07:00 PM,f,False,milliQ_water_100uL,E,171017,1:00:00 PM,orco5_gcamp,1.7634116516,0.5695216908,0.4304783092,0.1390433815
171018-04-top,171018,4:28:00 PM,4:43:00 PM,f,False,milliQ_water_100uL,E,171017,1:00:00 PM,orco5_gcamp,4.3526664118,0.4674819344,0.5325180656,-0.0650361312
171018-04-bottom,171018,4:28:00 PM,4:43:00 PM,f,False,milliQ_water_100uL,E,171017,1:00:00 PM,orco5_gcamp,3.6685012757,0.6012235818,0.3987764182,0.2024471635
171019-01-top,171019,10:42:00 AM,10:57:00 AM,m,False,filtered_food_odor_100uL,E,171018,10:00:00 AM,orco5_gcamp,1.3075381149,0.9371523915,0.0628476085,0.8743047831
171019-01-bottom,171019,10:42:00 AM,10:57:00 AM,m,False,filtered_food_odor_100uL,E,171018,10:00:00 AM,orco5_gcamp,2.5193848297,0.9288097887,0.0711902113,0.8576195773
171019-02-top,171019,11:19:00 AM,11:34:00 AM,m,False,filtered_food_odor_100uL,E,171018,10:00:00 AM,orco5_gcamp,3.1432225154,0.6829810901,0.3170189099,0.3659621802
171019-02-bottom,171019,11:19:00 AM,11:34:00 AM,m,False,filtered_food_odor_100uL,E,171018,10:00:00 AM,orco5_gcamp,1.9327206881,0.4972191324,0.5027808676,-0.0055617353
171019-03-top,171019,11:55:00 AM,12:10:00 PM,f,False,filtered_food_odor_100uL,E,171018,10:00:00 AM,orco5_gcamp,1.4275075987,0.4443826474,0.5556173526,-0.1112347052
171019-03-bottom,171019,11:55:00 AM,12:10:00 PM,f,False,filtered_food_odor_100uL,E,171018,10:00:00 AM,orco5_gcamp,2.1977460082,0.9416017798,0.0583982202,0.8832035595
171019-04-top,171019,12:32:00 PM,12:47:00 PM,m,False,filtered_food_odor_100uL,E,171018,10:00:00 AM,orco5_gcamp,2.5976347628,0.5161290323,0.4838709677,0.0322580645
171019-04-bottom,171019,12:32:00 PM,12:47:00 PM,m,False,filtered_food_odor_100uL,E,171018,10:00:00 AM,orco5_gcamp,3.0233602094,0.8342602892,0.1657397108,0.6685205784
171019-05-top,171019,1:12:00 PM,1:27:00 PM,f,False,filtered_food_odor_100uL,E,171018,10:00:00 AM,orco5_gcamp,3.0882380059,0.6896551724,0.3103448276,0.3793103448
171019-05-bottom,171019,1:12:00 PM,1:27:00 PM,f,False,filtered_food_odor_100uL,E,171018,10:00:00 AM,orco5_gcamp,5.0052115801,0.7669632925,0.2330367075,0.5339265851
171019-06-top,171019,2:20:00 PM,2:35:00 PM,m,False,filtered_food_odor_100uL,E,171018,10:00:00 AM,orco5_gcamp,2.9656811064,0.8058954394,0.1941045606,0.6117908788
171019-06-bottom,171019,2:20:00 PM,2:35:00 PM,m,False,filtered_food_odor_100uL,E,171018,10:00:00 AM,orco5_gcamp,1.1553962628,0.9543937709,0.0456062291,0.9087875417
171019-07-top,171019,2:58:00 PM,3:13:00 PM,m,False,filtered_food_odor_100uL,E,171018,10:00:00 AM,orco5_gcamp,1.2614161198,0.4171301446,0.5828698554,-0.1657397108
171019-07-bottom,171019,2:58:00 PM,3:13:00 PM,m,False,filtered_food_odor_100uL,E,171018,10:00:00 AM,orco5_gcamp,2.3462962037,0.8898776418,0.1101223582,0.7797552836
171019-08-top,171019,3:43:00 PM,3:58:00 PM,m,False,filtered_food_odor_100uL,E,171018,10:00:00 AM,orco5_gcamp,2.4727359565,0.7208008899,0.2791991101,0.4416017798
171019-08-bottom,171019,3:43:00 PM,3:58:00 PM,m,False,filtered_food_odor_100uL,E,171018,10:00:00 AM,orco5_gcamp,2.0817248194,0.957730812,0.042269188,0.915461624
171025-01-top,171024,2:40:00 PM,2:55:00 PM,f,False,milliQ_water_100uL,E,171024,1:30:00 PM,gcamp,2.6455183607,0.5311457175,0.4688542825,0.0622914349
171025-01-bottom,171024,2:40:00 PM,2:55:00 PM,f,False,milliQ_water_100uL,E,171024,1:30:00 PM,gcamp,2.3773654284,0.7397107898,0.2602892102,0.4794215795
171025-02-top,171024,3:17:00 PM,3:32:00 PM,,True,milliQ_water_100uL,E,171024,1:30:00 PM,gcamp,5.5060556463,0.5545050056,0.4454949944,0.1090100111
171025-02-bottom,171024,3:17:00 PM,3:32:00 PM,,True,milliQ_water_100uL,E,171024,1:30:00 PM,gcamp,2.5920502107,0.5372636263,0.4627363737,0.0745272525
171025-03-top,171024,3:52:00 PM,4:07:00 PM,f,False,milliQ_water_100uL,E,171024,1:30:00 PM,gcamp,3.249057109,0.510567297,0.489432703,0.021134594
171025-03-bottom,171024,3:52:00 PM,4:07:00 PM,,True,milliQ_water_100uL,E,171024,1:30:00 PM,gcamp,3.2626533282,0.552836485,0.447163515,0.10567297
171025-04-top,171024,4:28:00 PM,4:43:00 PM,m,False,milliQ_water_100uL,E,171024,1:30:00 PM,gcamp,4.4512710785,0.5444938821,0.4555061179,0.0889877642
171025-04-bottom,171024,4:28:00 PM,4:43:00 PM,m,False,milliQ_water_100uL,E,171024,1:30:00 PM,gcamp,6.1679929905,0.3474152307,0.6525847693,-0.3051695386
171101-01-top,171101,2:35:00 PM,2:50:00 PM,,True,milliQ_water_100uL,E,171031,1:15:00 PM,gcamp,2.2613325855,0.467185762,0.532814238,-0.0656284761
171101-01-bottom,171101,2:35:00 PM,2:50:00 PM,f,False,milliQ_water_100uL,E,171031,1:15:00 PM,gcamp,1.4215734142,0.5472747497,0.4527252503,0.0945494994
171101-02-top,171101,3:13:00 PM,3:28:00 PM,m,False,milliQ_water_100uL,E,171031,1:15:00 PM,gcamp,1.5048400956,0.8364849833,0.1635150167,0.6729699666
171101-02-bottom,171101,3:13:00 PM,3:28:00 PM,m,False,milliQ_water_100uL,E,171031,1:15:00 PM,gcamp,4.4012928972,0.5100111235,0.4899888765,0.0200222469
171101-03-top,171101,3:50:00 PM,4:05:00 PM,f,False,milliQ_water_100uL,E,171031,1:15:00 PM,gcamp,4.6447857592,0.4866518354,0.5133481646,-0.0266963293
171101-03-bottom,171101,3:50:00 PM,4:05:00 PM,m,False,milliQ_water_100uL,E,171031,1:15:00 PM,gcamp,0.3958412809,0.1612903226,0.8387096774,-0.6774193548
171101-04-top,171101,4:27:00 PM,4:43:00 PM,f,False,milliQ_water_100uL,E,171031,1:15:00 PM,gcamp,3.9558643412,0.4627363737,0.5372636263,-0.0745272525
171101-04-bottom,171101,4:27:00 PM,4:43:00 PM,,True,milliQ_water_100uL,E,171031,1:15:00 PM,gcamp,3.4193519886,0.5367074527,0.4632925473,0.0734149055
171102-01-top,171102,10:32:00 AM,10:47:00 AM,f,False,filtered_food_odor_100uL,E,171101,9:30:00 AM,gcamp,4.5985533012,0.7502780868,0.2497219132,0.5005561735
171102-01-bottom,171102,10:32:00 AM,10:47:00 AM,f,False,filtered_food_odor_100uL,E,171101,9:30:00 AM,gcamp,2.8653460087,0.5336297943,0.4663702057,0.0672595887
171102-02-top,171102,11:08:00 AM,11:23:00 AM,m,False,filtered_food_odor_100uL,E,171101,9:30:00 AM,gcamp,1.0878265509,0.3081201335,0.6918798665,-0.383759733
171102-02-bottom,171102,11:08:00 AM,11:23:00 AM,f,False,filtered_food_odor_100uL,E,171101,9:30:00 AM,gcamp,3.8723719105,0.6607341491,0.3392658509,0.3214682981
171102-03-top,171102,11:44:00 AM,11:59:00 AM,f,False,filtered_food_odor_100uL,E,171101,9:30:00 AM,gcamp,3.0597704811,0.6101223582,0.3898776418,0.2202447164
171102-03-bottom,171102,11:44:00 AM,11:59:00 AM,m,False,filtered_food_odor_100uL,E,171101,9:30:00 AM,gcamp,2.7513703913,0.7997775306,0.2002224694,0.5995550612
171108-01-top,171108,03:10:00 PM,03:25:00 PM,m,False,milliQ_water_100uL,E,171107,02:00:00 PM,orco5_gcamp,2.2507357419,0.1640711902,0.8359288098,-0.6718576196
171108-01-bottom,171108,03:10:00 PM,03:25:00 PM,m,False,milliQ_water_100uL,E,171107,02:00:00 PM,orco5_gcamp,1.8196002268,0.6612903226,0.3387096774,0.3225806452
171108-02-top,171108,03:45:00 PM,04:00:00 PM,,True,milliQ_water_100uL,E,171107,02:00:00 PM,orco5_gcamp,1.8977711679,0.5719844358,0.4280155642,0.1439688716
171108-02-bottom,171108,03:45:00 PM,04:00:00 PM,f,False,milliQ_water_100uL,E,171107,02:00:00 PM,orco5_gcamp,2.5091466017,0.5839822024,0.4160177976,0.1679644049
171108-03-top,171108,04:20:00 PM,04:35:00 PM,m,False,milliQ_water_100uL,E,171107,02:00:00 PM,orco5_gcamp,4.1135602951,0.5283648498,0.4716351502,0.0567296997
171108-03-bottom,171108,04:20:00 PM,04:35:00 PM,m,False,milliQ_water_100uL,E,171107,02:00:00 PM,orco5_gcamp,1.9708869766,0.1524763495,0.8475236505,-0.6950473011
171108-04-top,171108,04:55:00 PM,05:10:00 PM,f,False,milliQ_water_100uL,E,171107,02:00:00 PM,orco5_gcamp,4.365899045,0.3715239155,0.6284760845,-0.2569521691
171108-04-bottom,171108,04:55:00 PM,05:10:00 PM,f,False,milliQ_water_100uL,E,171107,02:00:00 PM,orco5_gcamp,2.3081706023,0.7213570634,0.2786429366,0.4427141268
171116-01-top,171116,10:32:00 AM,10:47:00 AM,m,False,milliQ_water_100uL,E,171115,10:00:00 AM,gr3_gcamp,2.790625465,0.3442714127,0.6557285873,-0.3114571746
171116-01-bottom,171116,10:32:00 AM,10:47:00 AM,m,False,milliQ_water_100uL,E,171115,10:00:00 AM,gr3_gcamp,1.3874291446,0.3168426904,0.6831573096,-0.3663146192
171116-02-top,171116,11:08:00 AM,11:23:00 AM,m,False,milliQ_water_100uL,E,171115,10:00:00 AM,gr3_gcamp,5.109633853,0.4488320356,0.5511679644,-0.1023359288
171116-02-bottom,171116,11:08:00 AM,11:23:00 AM,m,False,milliQ_water_100uL,E,171115,10:00:00 AM,gr3_gcamp,1.6042696189,0.1434927697,0.8565072303,-0.7130144605
171116-03-top,171116,11:45:00 AM,12:00:00 PM,f,False,milliQ_water_100uL,E,171115,10:00:00 AM,gr3_gcamp,3.456733637,0.3592880979,0.6407119021,-0.2814238042
171116-03-bottom,171116,11:45:00 AM,12:00:00 PM,m,False,milliQ_water_100uL,E,171115,10:00:00 AM,gr3_gcamp,1.1207560422,0,1,-1
171116-04-top,171116,12:20:00 PM,12:35:00 PM,,True,milliQ_water_100uL,E,171115,10:00:00 AM,gr3_gcamp,4.2306802982,0.30756396,0.69243604,-0.3848720801
171116-04-bottom,171116,12:20:00 PM,12:35:00 PM,m,False,milliQ_water_100uL,E,171115,10:00:00 AM,gr3_gcamp,3.3709083658,0.3240689272,0.6759310728,-0.3518621456
171116-05-top,171116,12:55:00 PM,01:10:00 PM,f,False,milliQ_water_100uL,E,171115,10:00:00 AM,gr3_gcamp,1.9808341249,0.1513633834,0.8486366166,-0.6972732332
171116-05-bottom,171116,12:55:00 PM,01:10:00 PM,,True,milliQ_water_100uL,E,171115,10:00:00 AM,gr3_gcamp,4.2814421963,0.7509727626,0.2490272374,0.5019455253
171116-06-top,171116,01:30:00 PM,01:45:00 PM,m,False,milliQ_water_100uL,E,171115,10:00:00 AM,gr3_gcamp,2.9187444723,0.3125695217,0.6874304783,-0.3748609566
171116-06-bottom,171116,01:30:00 PM,01:45:00 PM,f,False,milliQ_water_100uL,E,171115,10:00:00 AM,gr3_gcamp,5.1483134322,0.5583982202,0.4416017798,0.1167964405
171116-07-top,171116,02:06:00 PM,02:21:00 PM,m,False,milliQ_water_100uL,E,171115,10:00:00 AM,gr3_gcamp,3.7417119323,0.5166852058,0.4833147942,0.0333704116
171116-07-bottom,171116,02:06:00 PM,02:21:00 PM,f,False,milliQ_water_100uL,E,171115,10:00:00 AM,gr3_gcamp,3.435150108,0.2491657397,0.7508342603,-0.5016685206
171116-08-top,171116,02:41:00 PM,02:56:00 PM,m,False,milliQ_water_100uL,E,171115,10:00:00 AM,gr3_gcamp,1.8886792569,0.6518353726,0.3481646274,0.3036707453
171116-08-bottom,171116,02:41:00 PM,02:56:00 PM,f,False,milliQ_water_100uL,E,171115,10:00:00 AM,gr3_gcamp,1.8011055728,0.4065628476,0.5934371524,-0.1868743048
171116-09-top,171116,03:17:00 PM,03:32:00 PM,m,False,milliQ_water_100uL,E,171115,10:00:00 AM,gr3_gcamp,3.4414302048,0.5862068966,0.4137931034,0.1724137931
171116-09-bottom,171116,03:17:00 PM,03:32:00 PM,f,False,milliQ_water_100uL,E,171115,10:00:00 AM,gr3_gcamp,2.8172741911,0.4949944383,0.5050055617,-0.0100111235
171129-01-top,171129,02:09:00 PM,02:24:00 PM,m,False,milliQ_water_100uL,E,171128,13:45pm,gcamp,5.5663506185,0.4087875417,0.5912124583,-0.1824249166
171129-01-bottom,171129,02:09:00 PM,02:24:00 PM,,True,milliQ_water_100uL,E,171128,13:45pm,gcamp,2.6435460479,0.3642936596,0.6357063404,-0.2714126808
171129-02-top,171129,02:44:00 PM,02:59:00 PM,m,False,milliQ_water_100uL,E,171128,13:45pm,gcamp,1.3998427601,0.2146829811,0.7853170189,-0.5706340378
171129-02-bottom,171129,02:44:00 PM,02:59:00 PM,f,False,milliQ_water_100uL,E,171128,14:45pm,gcamp,3.4002694175,0.2208008899,0.7791991101,-0.5583982202
171129-03-top,171129,03:19:00 PM,03:34:00 PM,m,False,milliQ_water_100uL,E,171128,14:45pm,gcamp,8.7288135125,0.4844271413,0.5155728587,-0.0311457175
171129-03-bottom,171129,03:19:00 PM,03:34:00 PM,m,False,milliQ_water_100uL,E,171128,14:45pm,gcamp,2.036922754,0.9377085651,0.0622914349,0.8754171301
171129-04-top,171129,03:55:00 PM,04:10:00 PM,m,False,milliQ_water_100uL,E,171128,15:45pm,gcamp,6.8662561814,0.5617352614,0.4382647386,0.1234705228
171129-04-bottom,171129,03:55:00 PM,04:10:00 PM,m,False,milliQ_water_100uL,E,171128,15:45pm,gcamp,5.0875360376,0.4855394883,0.5144605117,-0.0289210234
171129-05-top,171129,04:29:00 PM,04:44:00 PM,m,False,milliQ_water_100uL,E,171128,15:45pm,gcamp,6.4664365211,0.5789766407,0.4210233593,0.1579532814
171129-05-bottom,171129,04:29:00 PM,04:44:00 PM,f,False,milliQ_water_100uL,E,171128,16:45pm,gcamp,3.4595916977,0.5784204672,0.4215795328,0.1568409344
171130-01-top,171130,10:40:00 AM,10:55:00 AM,f,False,filtered_food_odor_100uL,E,171129,09:30:00 AM,gcamp,4.8568089296,0.7274749722,0.2725250278,0.4549499444
171130-01-bottom,171130,10:40:00 AM,10:55:00 AM,f,False,filtered_food_odor_100uL,E,171129,09:30:00 AM,gcamp,3.2078560656,0.55147468,0.44852532,0.10294936
171130-02-top,171130,11:16:00 AM,11:31:00 AM,f,False,filtered_food_odor_100uL,E,171129,09:30:00 AM,gcamp,4.4990987194,0.5553085047,0.4446914953,0.1106170094
171130-02-bottom,171130,11:16:00 AM,11:31:00 AM,f,False,filtered_food_odor_100uL,E,171129,09:30:00 AM,gcamp,3.0762407228,0.5545050056,0.4454949944,0.1090100111
171130-04-top,171130,12:16:00 PM,12:31:00 PM,f,False,filtered_food_odor_100uL,E,171129,09:30:00 AM,gcamp,5.6373589588,0.7814238042,0.2185761958,0.5628476085
171130-04-bottom,171130,12:16:00 PM,12:31:00 PM,f,False,filtered_food_odor_100uL,E,171129,09:30:00 AM,gcamp,3.6249774329,0.7630700779,0.2369299221,0.5261401557
171130-05-top,171130,12:51:00 PM,01:06:00 PM,f,False,filtered_food_odor_100uL,E,171129,09:30:00 AM,gcamp,2.5606645033,0.4833147942,0.5166852058,-0.0333704116
171130-05-bottom,171130,12:51:00 PM,01:06:00 PM,m,False,filtered_food_odor_100uL,E,171129,09:30:00 AM,gcamp,2.5141790459,0.9855394883,0.0144605117,0.9710789766
171130-06-top,171130,03:29:00 PM,03:44:00 PM,m,False,filtered_food_odor_100uL,E,171129,09:30:00 AM,gcamp,2.5306479974,0.5556173526,0.4443826474,0.1112347052
171130-06-bottom,171130,03:29:00 PM,03:44:00 PM,f,False,filtered_food_odor_100uL,E,171129,09:30:00 AM,gcamp,3.1473863031,0.5823136819,0.4176863181,0.1646273637
171130-07-top,171130,04:03:00 PM,04:18:00 PM,f,False,filtered_food_odor_100uL,E,171129,09:30:00 AM,gcamp,0.8303479054,1,0,1
171130-07-bottom,171130,04:03:00 PM,04:18:00 PM,,True,filtered_food_odor_100uL,E,171129,09:30:00 AM,gcamp,3.0313485963,0.6820455809,0.3179544191,0.3640911618
171130-08-bottom,171130,04:38:00 PM,04:53:00 PM,f,False,filtered_food_odor_100uL,E,171129,09:30:00 AM,gcamp,3.1105679564,0.7085650723,0.2914349277,0.4171301446
171214-03-top,171214,11:48:00 AM,12:03:00 PM,m,False,filtered_food_odor_100uL,E,171213,10:15:00 AM,gcamp,2.5376316007,0.6768631813,0.3231368187,0.3537263626
171214-03-bottom,171214,11:48:00 AM,12:03:00 PM,f,False,filtered_food_odor_100uL,E,171213,10:15:00 AM,gcamp,4.8835703194,0.7413793103,0.2586206897,0.4827586207
171214-06-top,171214,02:06:00 PM,02:21:00 PM,m,False,filtered_food_odor_100uL,E,171213,10:15:00 AM,orco5_gcamp,2.5231399255,0.6781545303,0.3218454697,0.3563090606
171214-06-bottom,171214,02:06:00 PM,02:21:00 PM,f,False,filtered_food_odor_100uL,E,171213,10:15:00 AM,orco5_gcamp,2.1713712504,0.5444938821,0.4555061179,0.0889877642
171214-07-top,171214,02:41:00 PM,02:56:00 PM,f,False,filtered_food_odor_100uL,E,171213,10:15:00 AM,orco5_gcamp,3.1556905908,0.7865480823,0.2134519177,0.5730961645
171214-07-bottom,171214,02:41:00 PM,02:56:00 PM,m,False,filtered_food_odor_100uL,E,171213,10:15:00 AM,orco5_gcamp,1.0645687862,0.2269187987,0.7730812013,-0.5461624027
171214-08-top,171214,03:16:00 PM,03:31:00 PM,m,False,milliQ_water_100uL,E,171213,10:15:00 AM,orco5_gcamp,6.1864352243,0.436596218,0.563403782,-0.126807564
171214-08-bottom,171214,03:16:00 PM,03:31:00 PM,m,False,milliQ_water_100uL,E,171213,10:15:00 AM,orco5_gcamp,2.8811071504,0.223025584,0.776974416,-0.553948832
171214-09-top,171214,03:50:00 PM,04:05:00 PM,m,False,milliQ_water_100uL,E,171213,10:15:00 AM,orco5_gcamp,5.3004206045,0.6017797553,0.3982202447,0.2035595106
171214-09-bottom,171214,03:50:00 PM,04:05:00 PM,m,False,milliQ_water_100uL,E,171213,10:15:00 AM,orco5_gcamp,3.5958763303,0.5695216908,0.4304783092,0.1390433815
171214-10-top,171214,04:24:00 PM,04:39:00 PM,f,False,milliQ_water_100uL,E,171213,10:15:00 AM,orco5_gcamp,3.117889303,0.2513904338,0.7486095662,-0.4972191324
171214-10-bottom,171214,04:24:00 PM,04:39:00 PM,m,False,milliQ_water_100uL,E,171213,10:15:00 AM,orco5_gcamp,2.4779718375,0.2445803224,0.7554196776,-0.5108393552
171215-09-top,171215,03:54:00 PM,04:09:00 PM,f,False,milliQ_water_100uL,E,121214,09:45:00 AM,orco5_gcamp,3.1363667818,0.4315906563,0.5684093437,-0.1368186874
171215-09-bottom,171215,03:54:00 PM,04:09:00 PM,f,False,milliQ_water_100uL,E,121214,09:45:00 AM,orco5_gcamp,4.8389372817,0.4449388209,0.5550611791,-0.1101223582
171215-10-top,171215,04:31:00 PM,04:46:00 PM,f,False,milliQ_water_100uL,E,121214,09:45:00 AM,orco5_gcamp,6.1828172882,0.5506117909,0.4493882091,0.1012235818
171215-10-bottom,171215,04:31:00 PM,04:46:00 PM,f,False,milliQ_water_100uL,E,121214,09:45:00 AM,orco5_gcamp,1.3983212244,0.6301446051,0.3698553949,0.2602892102
171218-01-top,171218,11:01:00 AM,11:16:00 AM,m,False,filtered_food_odor_100uL,E,171217,11:15:00 AM,gr3_gcamp,2.0344044018,0.5984427141,0.4015572859,0.1968854283
171218-01-bottom,171218,11:01:00 AM,11:16:00 AM,m,False,filtered_food_odor_100uL,E,171217,11:15:00 AM,gr3_gcamp,1.9717015811,0.7919911012,0.2080088988,0.5839822024
171218-02-top,171218,11:37:00 AM,11:52:00 AM,m,False,filtered_food_odor_100uL,E,171217,11:15:00 AM,gr3_gcamp,2.1260955631,0.6243739566,0.3756260434,0.2487479132
171218-02-bottom,171218,11:37:00 AM,11:52:00 AM,f,False,filtered_food_odor_100uL,E,171217,11:15:00 AM,gr3_gcamp,3.2341807843,0.7808676307,0.2191323693,0.5617352614
171218-03-top,171218,12:52:00 PM,01:07:00 PM,f,False,filtered_food_odor_100uL,E,171217,11:15:00 AM,gr3_gcamp,2.2351115933,0.9237618253,0.0762381747,0.8475236505
171218-03-bottom,171218,12:52:00 PM,01:07:00 PM,,True,filtered_food_odor_100uL,E,171217,11:15:00 AM,gr3_gcamp,2.2042226257,0.8204558088,0.1795441912,0.6409116176
171218-04-top,171218,01:25:00 PM,01:40:00 PM,f,False,filtered_food_odor_100uL,E,171217,11:15:00 AM,gr3_gcamp,1.6717781309,0.6994991653,0.3005008347,0.3989983306
171218-04-bottom,171218,01:25:00 PM,01:40:00 PM,m,False,filtered_food_odor_100uL,E,171217,11:15:00 AM,gr3_gcamp,2.8565366511,0.734705228,0.265294772,0.4694104561
171218-05-top,171218,02:17:00 PM,02:32:00 PM,,True,filtered_food_odor_100uL,E,171217,11:15:00 AM,gr3_gcamp,2.128476242,0.5553700612,0.4446299388,0.1107401224
171218-05-bottom,171218,02:17:00 PM,02:32:00 PM,m,False,filtered_food_odor_100uL,E,171217,11:15:00 AM,gr3_gcamp,2.0226682411,0.8375973304,0.1624026696,0.6751946607
171218-06-top,171218,02:52:00 PM,03:07:00 PM,m,False,filtered_food_odor_100uL,E,171217,11:15:00 AM,gr3_gcamp,2.2278189001,0.6362625139,0.3637374861,0.2725250278
171218-06-bottom,171218,02:52:00 PM,03:07:00 PM,f,False,filtered_food_odor_100uL,E,171217,11:15:00 AM,gr3_gcamp,2.0933380854,0.6273637375,0.3726362625,0.254727475
171218-07-top,171218,03:27:00 PM,03:42:00 PM,m,False,filtered_food_odor_100uL,E,171217,11:15:00 AM,gr3_gcamp,2.0483519738,0.6362625139,0.3637374861,0.2725250278
171218-07-bottom,171218,03:27:00 PM,03:42:00 PM,m,False,filtered_food_odor_100uL,E,171217,11:15:00 AM,gr3_gcamp,1.7002523044,0.80756396,0.19243604,0.6151279199
171218-08-top,171218,04:03:00 PM,04:18:00 PM,m,False,filtered_food_odor_100uL,E,171217,11:15:00 AM,gr3_gcamp,2.1359691545,0.9016120067,0.097832129,0.8037798777
171218-08-bottom,171218,04:03:00 PM,04:18:00 PM,,True,filtered_food_odor_100uL,E,171217,11:15:00 AM,gr3_gcamp,3.16826582,0.6259032796,0.3740967204,0.2518065592
171218-09-top,171218,04:37:00 PM,04:52:00 PM,m,False,filtered_food_odor_100uL,E,171217,11:15:00 AM,gr3_gcamp,3.8797105781,0.4443826474,0.5556173526,-0.1112347052
171218-09-bottom,171218,04:37:00 PM,04:52:00 PM,f,False,filtered_food_odor_100uL,E,171217,11:15:00 AM,gr3_gcamp,4.7355096663,0.5522803115,0.4477196885,0.1045606229
171218-10-top,171218,05:11:00 PM,05:26:00 PM,,True,filtered_food_odor_100uL,E,171217,11:15:00 AM,gr3_gcamp,1.4722558506,0.5834260289,0.4165739711,0.1668520578
171218-10-bottom,171218,05:11:00 PM,05:26:00 PM,m,False,filtered_food_odor_100uL,E,171217,11:15:00 AM,gr3_gcamp,2.8690576317,0.712458287,0.287541713,0.424916574
180112-01-top,180112,10:30:00 AM,10:45:00 AM,f,False,milliQ_water_100uL,E,180111,10:30:00 AM,wt,1.9440557607,0.372080089,0.627919911,-0.255839822
180112-01-bottom,180112,10:30:00 AM,10:45:00 AM,m,False,milliQ_water_100uL,E,180111,10:30:00 AM,wt,7.4119138337,0.4794215795,0.5205784205,-0.0411568409
180112-02-top,180112,11:07:00 AM,11:22:00 AM,m,False,milliQ_water_100uL,E,180111,10:30:00 AM,wt,1.5093102546,0.3229571984,0.6770428016,-0.3540856031
180112-02-bottom,180112,11:07:00 AM,11:22:00 AM,m,False,milliQ_water_100uL,E,180111,10:30:00 AM,wt,3.8656196183,0.4733036707,0.5266963293,-0.0533926585
180112-03-top,180112,11:43:00 AM,11:58:00 AM,f,False,milliQ_water_100uL,E,180111,10:30:00 AM,wt,9.1550574883,0.532814238,0.467185762,0.0656284761
180112-03-bottom,180112,11:43:00 AM,11:58:00 AM,f,False,milliQ_water_100uL,E,180111,10:30:00 AM,wt,3.7694555297,0.573971079,0.426028921,0.147942158
180112-04-top,180112,01:01:00 PM,01:16:00 PM,f,False,milliQ_water_100uL,E,180111,10:30:00 AM,wt,6.0606988379,0.4677419355,0.5322580645,-0.064516129
180112-04-bottom,180112,01:01:00 PM,01:16:00 PM,m,False,milliQ_water_100uL,E,180111,10:30:00 AM,wt,2.9220349442,0.4947192885,0.5052807115,-0.010561423
180112-05-top,180112,01:41:00 PM,01:56:00 PM,m,False,milliQ_water_100uL,E,180111,10:30:00 AM,wt,0.8717291196,0.1528627015,0.8471372985,-0.694274597
180112-05-bottom,180112,01:41:00 PM,01:56:00 PM,f,False,milliQ_water_100uL,E,180111,10:30:00 AM,wt,4.975668419,0.531701891,0.468298109,0.063403782
180112-06-top,180112,02:16:00 PM,02:31:00 PM,,True,milliQ_water_100uL,E,180111,10:30:00 AM,wt,7.7649596506,0.4543937709,0.5456062291,-0.0912124583
180112-06-bottom,180112,02:16:00 PM,02:31:00 PM,m,False,milliQ_water_100uL,E,180111,10:30:00 AM,wt,0.4745103739,0.9538632574,0.0461367426,0.9077265147
180112-07-top,180112,02:51:00 PM,03:06:00 PM,f,False,milliQ_water_100uL,E,180111,10:30:00 AM,wt,9.3371622621,0.4688542825,0.5311457175,-0.0622914349
180112-07-bottom,180112,02:51:00 PM,03:06:00 PM,f,False,milliQ_water_100uL,E,180111,10:30:00 AM,wt,2.7234122005,0.7730812013,0.2269187987,0.5461624027
180112-08-top,180112,03:28:00 PM,03:43:00 PM,f,False,milliQ_water_100uL,E,180111,10:30:00 AM,wt,3.9433439653,0.3765294772,0.6234705228,-0.2469410456
180112-08-bottom,180112,03:28:00 PM,03:43:00 PM,f,False,milliQ_water_100uL,E,180111,10:30:00 AM,wt,3.310561258,0.6662958843,0.3337041157,0.3325917686
180112-09-top,180112,04:03:00 PM,04:18:00 PM,m,False,milliQ_water_100uL,E,180111,10:30:00 AM,wt,5.39567779,0.4137931034,0.5862068966,-0.1724137931
180112-09-bottom,180112,04:03:00 PM,04:18:00 PM,f,False,milliQ_water_100uL,E,180111,10:30:00 AM,wt,1.8407036133,0.39432703,0.60567297,-0.2113459399
180112-10-top,180112,04:38:00 PM,04:53:00 PM,m,False,milliQ_water_100uL,E,180111,10:30:00 AM,wt,4.0857581825,0.4288097887,0.5711902113,-0.1423804227
180112-10-bottom,180112,04:38:00 PM,04:53:00 PM,m,False,milliQ_water_100uL,E,180111,10:30:00 AM,wt,5.6226094133,0.5361512792,0.4638487208,0.0723025584
180222-01-top,180222,10:20:00 AM,10:35:00 AM,f,False,1-octen-3-ol_100um,E,180221,09:30:00 AM,gcamp,1.0490515531,0.5984427141,0.4015572859,0.1968854283
180222-02-top,180222,11:10:00 AM,11:25:00 AM,m,False,1-octen-3-ol_100um,E,180221,09:30:00 AM,gcamp,2.5886623021,0.4427141268,0.5572858732,-0.1145717464
180222-02-bottom,180222,11:10:00 AM,11:25:00 AM,m,False,1-octen-3-ol_100um,E,180221,09:30:00 AM,gcamp,1.5381677314,0.819243604,0.180756396,0.638487208
180222-03-top,180222,12:38:00 PM,12:53:00 PM,m,False,1-octen-3-ol_100um,E,180221,09:30:00 AM,gcamp,2.7003480662,0.3598442714,0.6401557286,-0.2803114572
180222-03-bottom,180222,12:38:00 PM,12:53:00 PM,f,False,1-octen-3-ol_100um,E,180221,09:30:00 AM,gcamp,1.7916266529,0.5183537264,0.4816462736,0.0367074527
180222-04-top,180222,01:10:00 PM,01:25:00 PM,m,False,1-octen-3-ol_100um,E,180221,09:30:00 AM,gcamp,2.7976594317,0.2258064516,0.7741935484,-0.5483870968
180222-04-bottom,180222,01:10:00 PM,01:25:00 PM,m,False,1-octen-3-ol_100um,E,180221,09:30:00 AM,gcamp,1.2643352139,0.8437152392,0.1562847608,0.6874304783
180222-05-top,180222,02:47:00 PM,03:05:00 PM,m,False,1-octen-3-ol_100um,E,180221,09:30:00 AM,gcamp,1.4976605598,0.3270300334,0.6729699666,-0.3459399333
180222-05-bottom,180222,02:47:00 PM,03:05:00 PM,m,False,1-octen-3-ol_100um,E,180221,09:30:00 AM,gcamp,0.6032933132,1,0,1
180222-06-top,180222,03:25:00 PM,03:40:00 PM,m,False,1-octen-3-ol_100um,E,180221,09:30:00 AM,gcamp,1.5635770848,0.4969393434,0.5030606566,-0.0061213133
180222-06-bottom,180222,03:25:00 PM,03:40:00 PM,m,False,1-octen-3-ol_100um,E,180221,09:30:00 AM,gcamp,8.4612410655,0.4438264739,0.5561735261,-0.1123470523
180222-07-top,180222,04:00:00 PM,04:15:00 PM,m,False,1-octen-3-ol_100um,E,180221,09:30:00 AM,gcamp,2.8485824683,0.7002224694,0.2997775306,0.4004449388
180222-07-bottom,180222,04:00:00 PM,04:15:00 PM,f,False,1-octen-3-ol_100um,E,180221,09:30:00 AM,gcamp,6.8319998972,0.5280711506,0.4719288494,0.0561423013
180222-08-top,180222,04:35:00 PM,04:50:00 PM,m,False,1-octen-3-ol_100um,E,180221,09:30:00 AM,gcamp,3.333485825,0.4791318865,0.5208681135,-0.041736227
180312-01-top,180312,10:25:00 AM,10:40:00 AM,f,False,1-octen-3-ol_100um,E,180311,09:30:00 AM,orco5_gcamp,3.9267548355,0.5684093437,0.4315906563,0.1368186874
180312-01-bottom,180312,10:25:00 AM,10:40:00 AM,m,False,1-octen-3-ol_100um,E,180311,09:30:00 AM,orco5_gcamp,2.7566880196,0.4382647386,0.5617352614,-0.1234705228
180312-02-top,180312,11:00:00 AM,11:15:00 AM,m,False,1-octen-3-ol_100um,E,180311,09:30:00 AM,orco5_gcamp,2.9844266303,0.2358175751,0.7641824249,-0.5283648498
180312-02-bottom,180312,11:00:00 AM,11:15:00 AM,f,False,1-octen-3-ol_100um,E,180311,09:30:00 AM,orco5_gcamp,5.1757436013,0.4988876529,0.5011123471,-0.0022246941
180312-03-top,180312,11:37:00 AM,11:54:00 AM,f,False,1-octen-3-ol_100um,E,180311,09:30:00 AM,orco5_gcamp,5.2582133086,0.5072302558,0.4927697442,0.0144605117
180312-03-bottom,180312,11:37:00 AM,11:54:00 AM,f,False,1-octen-3-ol_100um,E,180311,09:30:00 AM,orco5_gcamp,2.7293577487,0.6507230256,0.3492769744,0.3014460512
180312-04-top,180312,01:10:00 PM,01:25:00 PM,m,False,1-octen-3-ol_100um,E,180311,09:30:00 AM,orco5_gcamp,2.2465146601,0.8515016685,0.1484983315,0.703003337
180312-04-bottom,180312,01:10:00 PM,01:25:00 PM,m,False,1-octen-3-ol_100um,E,180311,09:30:00 AM,orco5_gcamp,1.9502346649,0.4454949944,0.5545050056,-0.1090100111
180312-05-bottom,180312,01:48:00 PM,02:03:00 PM,m,False,1-octen-3-ol_100um,E,180311,09:30:00 AM,orco5_gcamp,8.3121780771,0.5278086763,0.4721913237,0.0556173526
180312-06-top,180312,02:25:00 PM,02:40:00 PM,f,False,1-octen-3-ol_100um,E,180311,09:30:00 AM,orco5_gcamp,7.4242967738,0.5480822679,0.4519177321,0.0961645359
180312-06-bottom,180312,02:25:00 PM,02:40:00 PM,f,False,1-octen-3-ol_100um,E,180311,09:30:00 AM,orco5_gcamp,4.8934758224,0.6151279199,0.3848720801,0.2302558398
180312-07-top,180312,04:17:00 PM,04:32:00 PM,f,False,1-octen-3-ol_100um,E,180311,09:30:00 AM,orco5_gcamp,3.7601267806,0.5789766407,0.4210233593,0.1579532814
180312-07-bottom,180312,04:17:00 PM,04:32:00 PM,f,False,1-octen-3-ol_100um,E,180311,09:30:00 AM,orco5_gcamp,2.2146483484,0.6017797553,0.3982202447,0.2035595106
180312-08-top,180312,04:55:00 PM,05:10:00 PM,f,False,1-octen-3-ol_100um,E,180311,09:30:00 AM,orco5_gcamp,6.3012921084,0.5216907675,0.4783092325,0.043381535
180312-08-bottom,180312,04:55:00 PM,05:45:00 PM,m,False,1-octen-3-ol_100um,E,180311,09:30:00 AM,orco5_gcamp,1.7123512122,0.0823136819,0.9176863181,-0.8353726363
180312-09-bottom,180312,05:30:00 PM,05:45:00 PM,f,False,1-octen-3-ol_100um,E,180311,09:30:00 AM,orco5_gcamp,1.9711031671,0.6612903226,0.3387096774,0.3225806452
180313-01-top,180313,10:32:00 AM,10:47:00 AM,f,False,1-octen-3-ol_100um,E,180312,09:30:00 AM,gr3_gcamp,6.5589888877,0.4210233593,0.5789766407,-0.1579532814
180313-01-bottom,180313,10:32:00 AM,10:47:00 AM,m,False,1-octen-3-ol_100um,E,180312,09:30:00 AM,gr3_gcamp,2.4191977873,0.3398220245,0.6601779755,-0.3203559511
180313-02-top,180313,11:08:00 AM,11:23:00 AM,m,False,1-octen-3-ol_100um,E,180312,09:30:00 AM,gr3_gcamp,3.6554355819,0.372080089,0.627919911,-0.255839822
180313-02-bottom,180313,11:08:00 AM,11:23:00 AM,m,False,1-octen-3-ol_100um,E,180312,09:30:00 AM,gr3_gcamp,3.8239328609,0.4593993326,0.5406006674,-0.0812013348
180313-03-top,180313,11:42:00 AM,11:57:00 AM,m,False,1-octen-3-ol_100um,E,180312,09:30:00 AM,gr3_gcamp,3.6931304468,0.4093437152,0.5906562848,-0.1813125695
180313-03-bottom,180313,11:42:00 AM,11:57:00 AM,f,False,1-octen-3-ol_100um,E,180312,09:30:00 AM,gr3_gcamp,2.9306572571,0.5450500556,0.4549499444,0.0901001112
180313-04-top,180313,12:52:00 PM,01:13:00 PM,f,False,1-octen-3-ol_100um,E,180312,09:30:00 AM,gr3_gcamp,2.5827246266,0.5364091162,0.4635908838,0.0728182324
180313-05-top,180313,01:30:00 PM,01:45:00 PM,f,False,1-octen-3-ol_100um,E,180312,09:30:00 AM,gr3_gcamp,7.0129875211,0.3962159154,0.6037840846,-0.2075681692
180313-05-bottom,180313,01:30:00 PM,01:45:00 PM,m,False,1-octen-3-ol_100um,E,180312,09:30:00 AM,gr3_gcamp,4.0075289623,0.4107837688,0.5892162312,-0.1784324625
180313-06-top,180313,02:03:00 PM,02:19:00 PM,m,False,1-octen-3-ol_100um,E,180312,09:30:00 AM,gr3_gcamp,3.81134857,0.3420467186,0.6579532814,-0.3159065628
180313-06-bottom,180313,02:03:00 PM,02:19:00 PM,m,False,1-octen-3-ol_100um,E,180312,09:30:00 AM,gr3_gcamp,2.0133259661,0.4994438265,0.5005561735,-0.0011123471
180313-07-top,180313,02:38:00 PM,02:53:00 PM,f,False,1-octen-3-ol_100um,E,180312,09:30:00 AM,gr3_gcamp,4.8546561438,0.5083426029,0.4916573971,0.0166852058
180313-07-bottom,180313,02:38:00 PM,02:53:00 PM,m,False,1-octen-3-ol_100um,E,180312,09:30:00 AM,gr3_gcamp,3.9152548097,0.4952751529,0.5047248471,-0.0094496943
180313-08-top,180313,03:13:00 PM,03:29:00 PM,m,False,1-octen-3-ol_100um,E,180312,09:30:00 AM,gr3_gcamp,3.4885807701,0.4905450501,0.5094549499,-0.0189098999
180313-08-bottom,180313,03:13:00 PM,03:29:00 PM,m,False,1-octen-3-ol_100um,E,180312,09:30:00 AM,gr3_gcamp,4.0587137525,0.2975528365,0.7024471635,-0.404894327
180313-09-top,180313,03:50:00 PM,04:05:00 PM,f,False,1-octen-3-ol_100um,E,180312,09:30:00 AM,gr3_gcamp,4.5434699214,0.4866518354,0.5133481646,-0.0266963293
180313-09-bottom,180313,03:50:00 PM,04:05:00 PM,m,False,1-octen-3-ol_100um,E,180312,09:30:00 AM,gr3_gcamp,7.9003256433,0.4560622914,0.5439377086,-0.0878754171
171018-01-top,171018,2:41:00 PM,2:56:00 PM,f,False,milliQ_water_100uL,A,171017,1:00:00 PM,orco5_gcamp,2.0772192602,0.6284760845,0.3715239155,0.2569521691
171018-01-bottom,171018,2:41:00 PM,2:56:00 PM,m,False,milliQ_water_100uL,A,171017,1:00:00 PM,orco5_gcamp,1.7083429202,0.5061179088,0.4938820912,0.0122358176
171018-02-top,171018,3:17:00 PM,3:32:00 PM,f,False,milliQ_water_100uL,A,171017,1:00:00 PM,orco5_gcamp,1.25962816,0.1963292547,0.8036707453,-0.6073414905
171018-02-bottom,171018,3:17:00 PM,3:32:00 PM,f,False,milliQ_water_100uL,A,171017,1:00:00 PM,orco5_gcamp,2.2250630449,0.6420233463,0.3579766537,0.2840466926
171018-03-top,171018,3:52:00 PM,4:07:00 PM,,True,milliQ_water_100uL,A,171017,1:00:00 PM,orco5_gcamp,1.7530051156,0,1,-1
171018-03-bottom,171018,3:52:00 PM,4:07:00 PM,f,False,milliQ_water_100uL,A,171017,1:00:00 PM,orco5_gcamp,1.6244847233,0.872080089,0.127919911,0.744160178
171018-04-top,171018,4:28:00 PM,4:43:00 PM,f,False,milliQ_water_100uL,A,171017,1:00:00 PM,orco5_gcamp,3.7133113339,0.4974958264,0.5025041736,-0.0050083472
171018-04-bottom,171018,4:28:00 PM,4:43:00 PM,f,False,milliQ_water_100uL,A,171017,1:00:00 PM,orco5_gcamp,3.6275848933,0.5834260289,0.4165739711,0.1668520578
171019-01-top,171019,10:42:00 AM,10:57:00 AM,m,False,filtered_food_odor_100uL,A,171018,10:00:00 AM,orco5_gcamp,1.917743722,0.2929405225,0.7070594775,-0.414118955
171019-01-bottom,171019,10:42:00 AM,10:57:00 AM,m,False,filtered_food_odor_100uL,A,171018,10:00:00 AM,orco5_gcamp,1.8709930548,0.5945494994,0.4054505006,0.1890989989
171019-02-top,171019,11:19:00 AM,11:34:00 AM,m,False,filtered_food_odor_100uL,A,171018,10:00:00 AM,orco5_gcamp,2.0072044802,0.7465258477,0.2534741523,0.4930516954
171019-02-bottom,171019,11:19:00 AM,11:34:00 AM,m,False,filtered_food_odor_100uL,A,171018,10:00:00 AM,orco5_gcamp,1.5177330376,0.7759866593,0.2240133407,0.5519733185
171019-03-top,171019,11:55:00 AM,12:10:00 PM,f,False,filtered_food_odor_100uL,A,171018,10:00:00 AM,orco5_gcamp,0.9105888016,0.8743047831,0.1256952169,0.7486095662
171019-03-bottom,171019,11:55:00 AM,12:10:00 PM,f,False,filtered_food_odor_100uL,A,171018,10:00:00 AM,orco5_gcamp,2.0516698906,0.4371523915,0.5628476085,-0.1256952169
171019-04-top,171019,12:32:00 PM,12:47:00 PM,m,False,filtered_food_odor_100uL,A,171018,10:00:00 AM,orco5_gcamp,2.596302947,0.70189099,0.29810901,0.40378198
171019-04-bottom,171019,12:32:00 PM,12:47:00 PM,m,False,filtered_food_odor_100uL,A,171018,10:00:00 AM,orco5_gcamp,1.2482569602,0.4972191324,0.5027808676,-0.0055617353
171019-05-top,171019,1:12:00 PM,1:27:00 PM,f,False,filtered_food_odor_100uL,A,171018,10:00:00 AM,orco5_gcamp,3.1113917871,0.4276974416,0.5723025584,-0.1446051168
171019-05-bottom,171019,1:12:00 PM,1:27:00 PM,f,False,filtered_food_odor_100uL,A,171018,10:00:00 AM,orco5_gcamp,1.5214078636,0.9010011123,0.0989988877,0.8020022247
171019-06-top,171019,2:20:00 PM,2:35:00 PM,m,False,filtered_food_odor_100uL,A,171018,10:00:00 AM,orco5_gcamp,1.5083958095,0.3542825362,0.6457174638,-0.2914349277
171019-06-bottom,171019,2:20:00 PM,2:35:00 PM,m,False,filtered_food_odor_100uL,A,171018,10:00:00 AM,orco5_gcamp,1.8329296675,0.2619577308,0.7380422692,-0.4760845384
171019-07-top,171019,2:58:00 PM,3:13:00 PM,m,False,filtered_food_odor_100uL,A,171018,10:00:00 AM,orco5_gcamp,2.1101350862,0.6379310345,0.3620689655,0.275862069
171019-07-bottom,171019,2:58:00 PM,3:13:00 PM,m,False,filtered_food_odor_100uL,A,171018,10:00:00 AM,orco5_gcamp,2.28852932,0.2397107898,0.7602892102,-0.5205784205
171019-08-top,171019,3:43:00 PM,3:58:00 PM,m,False,filtered_food_odor_100uL,A,171018,10:00:00 AM,orco5_gcamp,1.9835456988,0.1825264329,0.8174735671,-0.6349471341
171019-08-bottom,171019,3:43:00 PM,3:58:00 PM,m,False,filtered_food_odor_100uL,A,171018,10:00:00 AM,orco5_gcamp,2.6381245512,0.3492769744,0.6507230256,-0.3014460512
171025-01-top,171024,2:40:00 PM,2:55:00 PM,f,False,milliQ_water_100uL,A,171024,1:30:00 PM,gcamp,2.1967598042,0.4908180301,0.5091819699,-0.0183639399
171025-01-bottom,171024,2:40:00 PM,2:55:00 PM,f,False,milliQ_water_100uL,A,171024,1:30:00 PM,gcamp,2.2167732363,0.7035595106,0.2964404894,0.4071190211
171025-02-top,171024,3:17:00 PM,3:32:00 PM,,True,milliQ_water_100uL,A,171024,1:30:00 PM,gcamp,2.5843841976,0.3442714127,0.6557285873,-0.3114571746
171025-02-bottom,171024,3:17:00 PM,3:32:00 PM,,True,milliQ_water_100uL,A,171024,1:30:00 PM,gcamp,2.1677447582,0.5842134519,0.4157865481,0.1684269038
171025-03-top,171024,3:52:00 PM,4:07:00 PM,f,False,milliQ_water_100uL,A,171024,1:30:00 PM,gcamp,2.9058122515,0.6525847693,0.3474152307,0.3051695386
171025-03-bottom,171024,3:52:00 PM,4:07:00 PM,,True,milliQ_water_100uL,A,171024,1:30:00 PM,gcamp,3.2207543503,0.5430794886,0.4569205114,0.0861589772
171025-04-top,171024,4:28:00 PM,4:43:00 PM,m,False,milliQ_water_100uL,A,171024,1:30:00 PM,gcamp,4.0630097725,0.6609227349,0.3390772651,0.3218454697
171025-04-bottom,171024,4:28:00 PM,4:43:00 PM,m,False,milliQ_water_100uL,A,171024,1:30:00 PM,gcamp,3.4576676576,0.5261401557,0.4738598443,0.0522803115
171101-01-top,171101,2:35:00 PM,2:50:00 PM,,True,milliQ_water_100uL,A,171031,1:15:00 PM,gcamp,1.4525617441,0.9944351697,0.0055648303,0.9888703395
171101-01-bottom,171101,2:35:00 PM,2:50:00 PM,f,False,milliQ_water_100uL,A,171031,1:15:00 PM,gcamp,1.4273504766,0.9499443826,0.0500556174,0.8998887653
171101-02-top,171101,3:13:00 PM,3:28:00 PM,m,False,milliQ_water_100uL,A,171031,1:15:00 PM,gcamp,1.2210902623,0.5728587319,0.4271412681,0.1457174638
171101-02-bottom,171101,3:13:00 PM,3:28:00 PM,m,False,milliQ_water_100uL,A,171031,1:15:00 PM,gcamp,2.4313578576,0.4944382647,0.5055617353,-0.0111234705
171101-03-top,171101,3:50:00 PM,4:05:00 PM,f,False,milliQ_water_100uL,A,171031,1:15:00 PM,gcamp,3.5529221029,0.5611790879,0.4388209121,0.1223581758
171101-03-bottom,171101,3:50:00 PM,4:05:00 PM,m,False,milliQ_water_100uL,A,171031,1:15:00 PM,gcamp,0.516962883,0.9783092325,0.0216907675,0.956618465
171101-04-top,171101,4:27:00 PM,4:43:00 PM,f,False,milliQ_water_100uL,A,171031,1:15:00 PM,gcamp,1.8093370811,0.8147942158,0.1852057842,0.6295884316
171101-04-bottom,171101,4:27:00 PM,4:43:00 PM,,True,milliQ_water_100uL,A,171031,1:15:00 PM,gcamp,2.2860433133,0.3737486096,0.6262513904,-0.2525027809
171102-01-top,171102,10:32:00 AM,10:47:00 AM,f,False,filtered_food_odor_100uL,A,171101,9:30:00 AM,gcamp,4.1810580157,0.723025584,0.276974416,0.446051168
171102-01-bottom,171102,10:32:00 AM,10:47:00 AM,f,False,filtered_food_odor_100uL,A,171101,9:30:00 AM,gcamp,2.885410804,0.456618465,0.543381535,-0.0867630701
171102-02-top,171102,11:08:00 AM,11:23:00 AM,m,False,filtered_food_odor_100uL,A,171101,9:30:00 AM,gcamp,1.2582661778,0.9783092325,0.0216907675,0.956618465
171102-02-bottom,171102,11:08:00 AM,11:23:00 AM,f,False,filtered_food_odor_100uL,A,171101,9:30:00 AM,gcamp,4.4313755424,0.2479155086,0.7520844914,-0.5041689828
171102-03-top,171102,11:44:00 AM,11:59:00 AM,f,False,filtered_food_odor_100uL,A,171101,9:30:00 AM,gcamp,3.0685717922,0.2964404894,0.7035595106,-0.4071190211
171102-03-bottom,171102,11:44:00 AM,11:59:00 AM,m,False,filtered_food_odor_100uL,A,171101,9:30:00 AM,gcamp,2.4915056691,0.7430478309,0.2569521691,0.4860956618
171108-01-top,171108,03:10:00 PM,03:25:00 PM,m,False,milliQ_water_100uL,A,171107,02:00:00 PM,orco5_gcamp,1.6526707166,0.4966629588,0.5033370412,-0.0066740823
171108-01-bottom,171108,03:10:00 PM,03:25:00 PM,m,False,milliQ_water_100uL,A,171107,02:00:00 PM,orco5_gcamp,1.7348322518,0.2380422692,0.7619577308,-0.5239154616
171108-02-top,171108,03:45:00 PM,04:00:00 PM,,True,milliQ_water_100uL,A,171107,02:00:00 PM,orco5_gcamp,1.4588580704,0.2191323693,0.7808676307,-0.5617352614
171108-02-bottom,171108,03:45:00 PM,04:00:00 PM,f,False,milliQ_water_100uL,A,171107,02:00:00 PM,orco5_gcamp,1.7977091664,0.5489432703,0.4510567297,0.0978865406
171108-03-top,171108,04:20:00 PM,04:35:00 PM,m,False,milliQ_water_100uL,A,171107,02:00:00 PM,orco5_gcamp,4.0521365725,0.3420467186,0.6579532814,-0.3159065628
171108-03-bottom,171108,04:20:00 PM,04:35:00 PM,m,False,milliQ_water_100uL,A,171107,02:00:00 PM,orco5_gcamp,1.9093154877,0.2591768632,0.7408231368,-0.4816462736
171108-04-top,171108,04:55:00 PM,05:10:00 PM,f,False,milliQ_water_100uL,A,171107,02:00:00 PM,orco5_gcamp,2.8439619685,0.10567297,0.89432703,-0.7886540601
171108-04-bottom,171108,04:55:00 PM,05:10:00 PM,f,False,milliQ_water_100uL,A,171107,02:00:00 PM,orco5_gcamp,1.8338012749,0.5711902113,0.4288097887,0.1423804227
171116-01-top,171116,10:32:00 AM,10:47:00 AM,m,False,milliQ_water_100uL,A,171115,10:00:00 AM,gr3_gcamp,3.5576220529,0.5817575083,0.4182424917,0.1635150167
171116-01-bottom,171116,10:32:00 AM,10:47:00 AM,m,False,milliQ_water_100uL,A,171115,10:00:00 AM,gr3_gcamp,2.0108052096,0.5947748749,0.4052251251,0.1895497499
171116-02-top,171116,11:08:00 AM,11:23:00 AM,m,False,milliQ_water_100uL,A,171115,10:00:00 AM,gr3_gcamp,2.3466231778,0.6017797553,0.3982202447,0.2035595106
171116-02-bottom,171116,11:08:00 AM,11:23:00 AM,m,False,milliQ_water_100uL,A,171115,10:00:00 AM,gr3_gcamp,1.8240806683,0.404894327,0.595105673,-0.1902113459
171116-03-top,171116,11:45:00 AM,12:00:00 PM,f,False,milliQ_water_100uL,A,171115,10:00:00 AM,gr3_gcamp,3.4494916004,0.4204671858,0.5795328142,-0.1590656285
171116-03-bottom,171116,11:45:00 AM,12:00:00 PM,m,False,milliQ_water_100uL,A,171115,10:00:00 AM,gr3_gcamp,0.8727240589,0.0978865406,0.9021134594,-0.8042269188
171116-04-top,171116,12:20:00 PM,12:35:00 PM,,True,milliQ_water_100uL,A,171115,10:00:00 AM,gr3_gcamp,3.8762566733,0.2814238042,0.7185761958,-0.4371523915
171116-04-bottom,171116,12:20:00 PM,12:35:00 PM,m,False,milliQ_water_100uL,A,171115,10:00:00 AM,gr3_gcamp,2.1571221254,0.1796440489,0.8203559511,-0.6407119021
171116-05-top,171116,12:55:00 PM,01:10:00 PM,f,False,milliQ_water_100uL,A,171115,10:00:00 AM,gr3_gcamp,2.1115818303,0.3539232053,0.6460767947,-0.2921535893
171116-05-bottom,171116,12:55:00 PM,01:10:00 PM,,True,milliQ_water_100uL,A,171115,10:00:00 AM,gr3_gcamp,6.0629672601,0.4694104561,0.5305895439,-0.0611790879
171116-06-top,171116,01:30:00 PM,01:45:00 PM,m,False,milliQ_water_100uL,A,171115,10:00:00 AM,gr3_gcamp,2.4928667602,0.308676307,0.691323693,-0.382647386
171116-06-bottom,171116,01:30:00 PM,01:45:00 PM,f,False,milliQ_water_100uL,A,171115,10:00:00 AM,gr3_gcamp,3.9706560909,0.5200222469,0.4799777531,0.0400444939
171116-07-top,171116,02:06:00 PM,02:21:00 PM,m,False,milliQ_water_100uL,A,171115,10:00:00 AM,gr3_gcamp,2.6716600919,0.7791991101,0.2208008899,0.5583982202
171116-07-bottom,171116,02:06:00 PM,02:21:00 PM,f,False,milliQ_water_100uL,A,171115,10:00:00 AM,gr3_gcamp,2.9722114209,0.2931034483,0.7068965517,-0.4137931034
171116-08-top,171116,02:41:00 PM,02:56:00 PM,m,False,milliQ_water_100uL,A,171115,10:00:00 AM,gr3_gcamp,1.6767792432,0.4549499444,0.5450500556,-0.0901001112
171116-08-bottom,171116,02:41:00 PM,02:56:00 PM,f,False,milliQ_water_100uL,A,171115,10:00:00 AM,gr3_gcamp,2.3922741443,0.5672969967,0.4327030033,0.1345939933
171116-09-top,171116,03:17:00 PM,03:32:00 PM,m,False,milliQ_water_100uL,A,171115,10:00:00 AM,gr3_gcamp,2.9178668642,0.6195773081,0.3804226919,0.2391546162
171116-09-bottom,171116,03:17:00 PM,03:32:00 PM,f,False,milliQ_water_100uL,A,171115,10:00:00 AM,gr3_gcamp,1.8797100501,0.7302558398,0.2697441602,0.4605116796
171129-01-top,171129,02:09:00 PM,02:24:00 PM,m,False,milliQ_water_100uL,A,171128,13:45pm,gcamp,4.3351235426,0.3503893215,0.6496106785,-0.2992213571
171129-01-bottom,171129,02:09:00 PM,02:24:00 PM,,True,milliQ_water_100uL,A,171128,13:45pm,gcamp,2.239742621,0.0879243183,0.9120756817,-0.8241513634
171129-02-top,171129,02:44:00 PM,02:59:00 PM,m,False,milliQ_water_100uL,A,171128,13:45pm,gcamp,1.7437669003,0.3998887653,0.6001112347,-0.2002224694
171129-02-bottom,171129,02:44:00 PM,02:59:00 PM,f,False,milliQ_water_100uL,A,171128,14:45pm,gcamp,2.6066789784,0.4416017798,0.5583982202,-0.1167964405
171129-03-top,171129,03:19:00 PM,03:34:00 PM,m,False,milliQ_water_100uL,A,171128,14:45pm,gcamp,6.1392713325,0.3036707453,0.6963292547,-0.3926585095
171129-03-bottom,171129,03:19:00 PM,03:34:00 PM,m,False,milliQ_water_100uL,A,171128,14:45pm,gcamp,2.9543536303,0.3567056205,0.6432943795,-0.286588759
171129-04-top,171129,03:55:00 PM,04:10:00 PM,m,False,milliQ_water_100uL,A,171128,15:45pm,gcamp,4.3867643853,0.3387096774,0.6612903226,-0.3225806452
171129-04-bottom,171129,03:55:00 PM,04:10:00 PM,m,False,milliQ_water_100uL,A,171128,15:45pm,gcamp,2.0375347384,0.6134593993,0.3865406007,0.2269187987
171129-05-top,171129,04:29:00 PM,04:44:00 PM,m,False,milliQ_water_100uL,A,171128,15:45pm,gcamp,2.9871882818,0.6790878754,0.3209121246,0.3581757508
171129-05-bottom,171129,04:29:00 PM,04:44:00 PM,f,False,milliQ_water_100uL,A,171128,16:45pm,gcamp,2.7377388934,0.4137931034,0.5862068966,-0.1724137931
171130-01-top,171130,10:40:00 AM,10:55:00 AM,f,False,filtered_food_odor_100uL,A,171129,09:30:00 AM,gcamp,2.9874632624,0.4521690768,0.5478309232,-0.0956618465
171130-01-bottom,171130,10:40:00 AM,10:55:00 AM,f,False,filtered_food_odor_100uL,A,171129,09:30:00 AM,gcamp,2.2356450867,0.244852532,0.755147468,-0.510294936
171130-02-top,171130,11:16:00 AM,11:31:00 AM,f,False,filtered_food_odor_100uL,A,171129,09:30:00 AM,gcamp,2.2146423327,0.4421579533,0.5578420467,-0.1156840934
171130-02-bottom,171130,11:16:00 AM,11:31:00 AM,f,False,filtered_food_odor_100uL,A,171129,09:30:00 AM,gcamp,2.3323426552,0.0378197998,0.9621802002,-0.9243604004
171130-04-top,171130,12:16:00 PM,12:31:00 PM,f,False,filtered_food_odor_100uL,A,171129,09:30:00 AM,gcamp,3.4430622206,0.6642579211,0.3357420789,0.3285158421
171130-04-bottom,171130,12:16:00 PM,12:31:00 PM,f,False,filtered_food_odor_100uL,A,171129,09:30:00 AM,gcamp,2.5872575226,0.6857619577,0.3142380423,0.3715239155
171130-05-top,171130,12:51:00 PM,01:06:00 PM,f,False,filtered_food_odor_100uL,A,171129,09:30:00 AM,gcamp,1.3357090838,0.7880978865,0.2119021135,0.5761957731
171130-05-bottom,171130,12:51:00 PM,01:06:00 PM,m,False,filtered_food_odor_100uL,A,171129,09:30:00 AM,gcamp,1.8007047856,0.4074485825,0.5925514175,-0.1851028349
171130-06-top,171130,03:29:00 PM,03:44:00 PM,m,False,filtered_food_odor_100uL,A,171129,09:30:00 AM,gcamp,3.4603214497,0.4082313682,0.5917686318,-0.1835372636
171130-06-bottom,171130,03:29:00 PM,03:44:00 PM,f,False,filtered_food_odor_100uL,A,171129,09:30:00 AM,gcamp,2.5509558956,0.468298109,0.531701891,-0.063403782
171130-07-top,171130,04:03:00 PM,04:18:00 PM,f,False,filtered_food_odor_100uL,A,171129,09:30:00 AM,gcamp,0.9248476119,0.8587319244,0.1412680756,0.7174638487
171130-07-bottom,171130,04:03:00 PM,04:18:00 PM,,True,filtered_food_odor_100uL,A,171129,09:30:00 AM,gcamp,5.8358146756,0.5895439377,0.4104560623,0.1790878754
171130-08-bottom,171130,04:38:00 PM,04:53:00 PM,f,False,filtered_food_odor_100uL,A,171129,09:30:00 AM,gcamp,2.4530048219,0.5139043382,0.4860956618,0.0278086763
171214-03-top,171214,11:48:00 AM,12:03:00 PM,m,False,filtered_food_odor_100uL,A,171213,10:15:00 AM,gcamp,2.0912403419,0.7863105175,0.2136894825,0.5726210351
171214-03-bottom,171214,11:48:00 AM,12:03:00 PM,f,False,filtered_food_odor_100uL,A,171213,10:15:00 AM,gcamp,2.5435823304,0.3998887653,0.6001112347,-0.2002224694
171214-06-top,171214,02:06:00 PM,02:21:00 PM,m,False,filtered_food_odor_100uL,A,171213,10:15:00 AM,orco5_gcamp,1.9727263645,0.5275152863,0.4724847137,0.0550305725
171214-06-bottom,171214,02:06:00 PM,02:21:00 PM,f,False,filtered_food_odor_100uL,A,171213,10:15:00 AM,orco5_gcamp,1.79149393,0.4710789766,0.5289210234,-0.0578420467
171214-07-top,171214,02:41:00 PM,02:56:00 PM,f,False,filtered_food_odor_100uL,A,171213,10:15:00 AM,orco5_gcamp,3.3301524534,0.5517241379,0.4482758621,0.1034482759
171214-07-bottom,171214,02:41:00 PM,02:56:00 PM,m,False,filtered_food_odor_100uL,A,171213,10:15:00 AM,orco5_gcamp,1.657738941,0.4727474972,0.5272525028,-0.0545050056
171214-08-top,171214,03:16:00 PM,03:31:00 PM,m,False,milliQ_water_100uL,A,171213,10:15:00 AM,orco5_gcamp,3.0632272236,0.4538375973,0.5461624027,-0.0923248053
171214-08-bottom,171214,03:16:00 PM,03:31:00 PM,m,False,milliQ_water_100uL,A,171213,10:15:00 AM,orco5_gcamp,1.8970782049,0.8337041157,0.1662958843,0.6674082314
171214-09-top,171214,03:50:00 PM,04:05:00 PM,m,False,milliQ_water_100uL,A,171213,10:15:00 AM,orco5_gcamp,3.0605097851,0.7296996663,0.2703003337,0.4593993326
171214-09-bottom,171214,03:50:00 PM,04:05:00 PM,m,False,milliQ_water_100uL,A,171213,10:15:00 AM,orco5_gcamp,2.3451387304,0.59032796,0.40967204,0.18065592
171214-10-top,171214,04:24:00 PM,04:39:00 PM,f,False,milliQ_water_100uL,A,171213,10:15:00 AM,orco5_gcamp,1.6651584729,0.1963292547,0.8036707453,-0.6073414905
171214-10-bottom,171214,04:24:00 PM,04:39:00 PM,m,False,milliQ_water_100uL,A,171213,10:15:00 AM,orco5_gcamp,1.6933517112,0.2285873192,0.7714126808,-0.5428253615
171215-09-top,171215,03:54:00 PM,04:09:00 PM,f,False,milliQ_water_100uL,A,121214,09:45:00 AM,orco5_gcamp,4.0534807074,0.3804226919,0.6195773081,-0.2391546162
171215-09-bottom,171215,03:54:00 PM,04:09:00 PM,f,False,milliQ_water_100uL,A,121214,09:45:00 AM,orco5_gcamp,2.5684364607,0.6952169077,0.3047830923,0.3904338154
171215-10-top,171215,04:31:00 PM,04:46:00 PM,f,False,milliQ_water_100uL,A,121214,09:45:00 AM,orco5_gcamp,1.4269749959,0.4833147942,0.5166852058,-0.0333704116
171215-10-bottom,171215,04:31:00 PM,04:46:00 PM,f,False,milliQ_water_100uL,A,121214,09:45:00 AM,orco5_gcamp,1.5141902019,0.2074527253,0.7925472747,-0.5850945495
171218-01-top,171218,11:01:00 AM,11:16:00 AM,m,False,filtered_food_odor_100uL,A,171217,11:15:00 AM,gr3_gcamp,1.7166862026,0.4043381535,0.5956618465,-0.191323693
171218-01-bottom,171218,11:01:00 AM,11:16:00 AM,m,False,filtered_food_odor_100uL,A,171217,11:15:00 AM,gr3_gcamp,3.5874250191,0.5684093437,0.4315906563,0.1368186874
171218-02-top,171218,11:37:00 AM,11:52:00 AM,m,False,filtered_food_odor_100uL,A,171217,11:15:00 AM,gr3_gcamp,2.4873346572,0.552836485,0.447163515,0.10567297
171218-02-bottom,171218,11:37:00 AM,11:52:00 AM,f,False,filtered_food_odor_100uL,A,171217,11:15:00 AM,gr3_gcamp,2.6387132265,0.7680756396,0.2319243604,0.5361512792
171218-03-top,171218,12:52:00 PM,01:07:00 PM,f,False,filtered_food_odor_100uL,A,171217,11:15:00 AM,gr3_gcamp,1.8167915405,0.4994438265,0.5005561735,-0.0011123471
171218-03-bottom,171218,12:52:00 PM,01:07:00 PM,,True,filtered_food_odor_100uL,A,171217,11:15:00 AM,gr3_gcamp,2.4026155016,0.3581757508,0.6418242492,-0.2836484983
171218-04-top,171218,01:25:00 PM,01:40:00 PM,f,False,filtered_food_odor_100uL,A,171217,11:15:00 AM,gr3_gcamp,2.3326360351,0.4110122358,0.5889877642,-0.1779755284
171218-04-bottom,171218,01:25:00 PM,01:40:00 PM,m,False,filtered_food_odor_100uL,A,171217,11:15:00 AM,gr3_gcamp,2.4132748433,0.5695216908,0.4304783092,0.1390433815
171218-05-top,171218,02:17:00 PM,02:32:00 PM,,True,filtered_food_odor_100uL,A,171217,11:15:00 AM,gr3_gcamp,2.6163059797,0.5311457175,0.4688542825,0.0622914349
171218-05-bottom,171218,02:17:00 PM,02:32:00 PM,m,False,filtered_food_odor_100uL,A,171217,11:15:00 AM,gr3_gcamp,1.2360060211,0.6640711902,0.3359288098,0.3281423804
171218-06-top,171218,02:52:00 PM,03:07:00 PM,m,False,filtered_food_odor_100uL,A,171217,11:15:00 AM,gr3_gcamp,3.051758111,0.2880978865,0.7119021135,-0.4238042269
171218-06-bottom,171218,02:52:00 PM,03:07:00 PM,f,False,filtered_food_odor_100uL,A,171217,11:15:00 AM,gr3_gcamp,2.4719893231,0.414118955,0.585881045,-0.1717620901
171218-07-top,171218,03:27:00 PM,03:42:00 PM,m,False,filtered_food_odor_100uL,A,171217,11:15:00 AM,gr3_gcamp,2.5083152638,0.4130072262,0.5864369094,-0.1734296832
171218-07-bottom,171218,03:27:00 PM,03:42:00 PM,m,False,filtered_food_odor_100uL,A,171217,11:15:00 AM,gr3_gcamp,2.2616132981,0.4791550862,0.5208449138,-0.0416898277
171218-08-top,171218,04:03:00 PM,04:18:00 PM,m,False,filtered_food_odor_100uL,A,171217,11:15:00 AM,gr3_gcamp,2.5173642476,0.6151279199,0.3848720801,0.2302558398
171218-08-bottom,171218,04:03:00 PM,04:18:00 PM,,True,filtered_food_odor_100uL,A,171217,11:15:00 AM,gr3_gcamp,3.0512343961,0.5494994438,0.4505005562,0.0989988877
171218-09-top,171218,04:37:00 PM,04:52:00 PM,m,False,filtered_food_odor_100uL,A,171217,11:15:00 AM,gr3_gcamp,3.2958230734,0.7015008338,0.2984991662,0.4030016676
171218-09-bottom,171218,04:37:00 PM,04:52:00 PM,f,False,filtered_food_odor_100uL,A,171217,11:15:00 AM,gr3_gcamp,3.4460654391,0.3309232481,0.6690767519,-0.3381535039
171218-10-top,171218,05:11:00 PM,05:26:00 PM,,True,filtered_food_odor_100uL,A,171217,11:15:00 AM,gr3_gcamp,1.3465389006,0.3073929961,0.6926070039,-0.3852140078
171218-10-bottom,171218,05:11:00 PM,05:26:00 PM,m,False,filtered_food_odor_100uL,A,171217,11:15:00 AM,gr3_gcamp,2.5895318939,0.4438264739,0.5561735261,-0.1123470523
180112-01-top,180112,10:30:00 AM,10:45:00 AM,f,False,milliQ_water_100uL,A,180111,10:30:00 AM,wt,1.8644045542,0.4771968854,0.5228031146,-0.0456062291
180112-01-bottom,180112,10:30:00 AM,10:45:00 AM,m,False,milliQ_water_100uL,A,180111,10:30:00 AM,wt,4.1050844932,0.4221357063,0.5778642937,-0.1557285873
180112-02-top,180112,11:07:00 AM,11:22:00 AM,m,False,milliQ_water_100uL,A,180111,10:30:00 AM,wt,2.2601965093,0.5072302558,0.4927697442,0.0144605117
180112-02-bottom,180112,11:07:00 AM,11:22:00 AM,m,False,milliQ_water_100uL,A,180111,10:30:00 AM,wt,1.966212413,0.1290322581,0.8709677419,-0.7419354839
180112-03-top,180112,11:43:00 AM,11:58:00 AM,f,False,milliQ_water_100uL,A,180111,10:30:00 AM,wt,7.0033634316,0.5113952196,0.4886047804,0.0227904391
180112-03-bottom,180112,11:43:00 AM,11:58:00 AM,f,False,milliQ_water_100uL,A,180111,10:30:00 AM,wt,4.8458109757,0.5586436909,0.4413563091,0.1172873819
180112-04-top,180112,01:01:00 PM,01:16:00 PM,f,False,milliQ_water_100uL,A,180111,10:30:00 AM,wt,2.5097094644,0.542269188,0.457730812,0.084538376
180112-04-bottom,180112,01:01:00 PM,01:16:00 PM,m,False,milliQ_water_100uL,A,180111,10:30:00 AM,wt,1.7842913839,0.5764313508,0.4235686492,0.1528627015
180112-05-top,180112,01:41:00 PM,01:56:00 PM,m,False,milliQ_water_100uL,A,180111,10:30:00 AM,wt,1.3452932422,0.4866518354,0.5133481646,-0.0266963293
180112-05-bottom,180112,01:41:00 PM,01:56:00 PM,f,False,milliQ_water_100uL,A,180111,10:30:00 AM,wt,3.8300210006,0.5989988877,0.4010011123,0.1979977753
180112-06-top,180112,02:16:00 PM,02:31:00 PM,,True,milliQ_water_100uL,A,180111,10:30:00 AM,wt,5.7951814419,0.4833147942,0.5166852058,-0.0333704116
180112-06-bottom,180112,02:16:00 PM,02:31:00 PM,m,False,milliQ_water_100uL,A,180111,10:30:00 AM,wt,0.466889717,1,0,1
180112-07-top,180112,02:51:00 PM,03:06:00 PM,f,False,milliQ_water_100uL,A,180111,10:30:00 AM,wt,2.8297418732,0.5489432703,0.4510567297,0.0978865406
180112-07-bottom,180112,02:51:00 PM,03:06:00 PM,f,False,milliQ_water_100uL,A,180111,10:30:00 AM,wt,1.8721760784,0.7385984427,0.2614015573,0.4771968854
180112-08-top,180112,03:28:00 PM,03:43:00 PM,f,False,milliQ_water_100uL,A,180111,10:30:00 AM,wt,2.0243684818,0.6434927697,0.3565072303,0.2869855395
180112-08-bottom,180112,03:28:00 PM,03:43:00 PM,f,False,milliQ_water_100uL,A,180111,10:30:00 AM,wt,2.4652017413,0.7119021135,0.2880978865,0.4238042269
180112-09-top,180112,04:03:00 PM,04:18:00 PM,m,False,milliQ_water_100uL,A,180111,10:30:00 AM,wt,3.7806041722,0.5289210234,0.4710789766,0.0578420467
180112-09-bottom,180112,04:03:00 PM,04:18:00 PM,f,False,milliQ_water_100uL,A,180111,10:30:00 AM,wt,2.7432445808,0.5239154616,0.4760845384,0.0478309232
180112-10-top,180112,04:38:00 PM,04:53:00 PM,m,False,milliQ_water_100uL,A,180111,10:30:00 AM,wt,1.9612954943,0.4580322401,0.5419677599,-0.0839355197
180112-10-bottom,180112,04:38:00 PM,04:53:00 PM,m,False,milliQ_water_100uL,A,180111,10:30:00 AM,wt,3.3402184582,0.5478309232,0.4521690768,0.0956618465
180222-01-top,180222,10:20:00 AM,10:35:00 AM,f,False,1-octen-3-ol_100um,A,180221,09:30:00 AM,gcamp,0.8954131482,0.6312569522,0.3687430478,0.2625139043
180222-02-top,180222,11:10:00 AM,11:25:00 AM,m,False,1-octen-3-ol_100um,A,180221,09:30:00 AM,gcamp,3.066001815,0.6040044494,0.3959955506,0.2080088988
180222-02-bottom,180222,11:10:00 AM,11:25:00 AM,m,False,1-octen-3-ol_100um,A,180221,09:30:00 AM,gcamp,1.8010069329,0.7313681869,0.2686318131,0.4627363737
180222-03-top,180222,12:38:00 PM,12:53:00 PM,m,False,1-octen-3-ol_100um,A,180221,09:30:00 AM,gcamp,2.6191487476,0.6392440245,0.3607559755,0.2784880489
180222-03-bottom,180222,12:38:00 PM,12:53:00 PM,f,False,1-octen-3-ol_100um,A,180221,09:30:00 AM,gcamp,1.4313746663,0.4791550862,0.5208449138,-0.0416898277
180222-04-top,180222,01:10:00 PM,01:25:00 PM,m,False,1-octen-3-ol_100um,A,180221,09:30:00 AM,gcamp,2.8016704612,0.3348164627,0.6651835373,-0.3303670745
180222-04-bottom,180222,01:10:00 PM,01:25:00 PM,m,False,1-octen-3-ol_100um,A,180221,09:30:00 AM,gcamp,1.3537151252,0.9649610679,0.0350389321,0.9299221357
180222-05-top,180222,02:47:00 PM,03:05:00 PM,m,False,1-octen-3-ol_100um,A,180221,09:30:00 AM,gcamp,2.3114583884,0.4421579533,0.5578420467,-0.1156840934
180222-05-bottom,180222,02:47:00 PM,03:05:00 PM,m,False,1-octen-3-ol_100um,A,180221,09:30:00 AM,gcamp,0.8379875893,0.3203559511,0.6796440489,-0.3592880979
180222-06-top,180222,03:25:00 PM,03:40:00 PM,m,False,1-octen-3-ol_100um,A,180221,09:30:00 AM,gcamp,1.6375787579,0.8120133482,0.1879866518,0.6240266963
180222-06-bottom,180222,03:25:00 PM,03:40:00 PM,m,False,1-octen-3-ol_100um,A,180221,09:30:00 AM,gcamp,6.2909845188,0.446051168,0.553948832,-0.1078976641
180222-07-top,180222,04:00:00 PM,04:15:00 PM,m,False,1-octen-3-ol_100um,A,180221,09:30:00 AM,gcamp,2.1291491773,0.2708565072,0.7291434928,-0.4582869855
180222-07-bottom,180222,04:00:00 PM,04:15:00 PM,f,False,1-octen-3-ol_100um,A,180221,09:30:00 AM,gcamp,5.0590208536,0.5767519466,0.4232480534,0.1535038932
180222-08-top,180222,04:35:00 PM,04:50:00 PM,m,False,1-octen-3-ol_100um,A,180221,09:30:00 AM,gcamp,2.3849590766,0.4060066741,0.5939933259,-0.1879866518
180312-01-top,180312,10:25:00 AM,10:40:00 AM,f,False,1-octen-3-ol_100um,A,180311,09:30:00 AM,orco5_gcamp,2.5097729711,0.6129032258,0.3870967742,0.2258064516
180312-01-bottom,180312,10:25:00 AM,10:40:00 AM,m,False,1-octen-3-ol_100um,A,180311,09:30:00 AM,orco5_gcamp,2.4602721415,0.2180200222,0.7819799778,-0.5639599555
180312-02-top,180312,11:00:00 AM,11:15:00 AM,m,False,1-octen-3-ol_100um,A,180311,09:30:00 AM,orco5_gcamp,1.502262853,0.5773081201,0.4226918799,0.1546162403
180312-02-bottom,180312,11:00:00 AM,11:15:00 AM,f,False,1-octen-3-ol_100um,A,180311,09:30:00 AM,orco5_gcamp,3.4188105119,0.5506117909,0.4493882091,0.1012235818
180312-03-top,180312,11:37:00 AM,11:54:00 AM,f,False,1-octen-3-ol_100um,A,180311,09:30:00 AM,orco5_gcamp,2.8775157233,0.8064516129,0.1935483871,0.6129032258
180312-03-bottom,180312,11:37:00 AM,11:54:00 AM,f,False,1-octen-3-ol_100um,A,180311,09:30:00 AM,orco5_gcamp,3.8021096674,0.5467185762,0.4532814238,0.0934371524
180312-04-top,180312,01:10:00 PM,01:25:00 PM,m,False,1-octen-3-ol_100um,A,180311,09:30:00 AM,orco5_gcamp,2.7782090419,0.4738598443,0.5261401557,-0.0522803115
180312-04-bottom,180312,01:10:00 PM,01:25:00 PM,m,False,1-octen-3-ol_100um,A,180311,09:30:00 AM,orco5_gcamp,1.453359717,0.4432703003,0.5567296997,-0.1134593993
180312-05-bottom,180312,01:48:00 PM,02:03:00 PM,m,False,1-octen-3-ol_100um,A,180311,09:30:00 AM,orco5_gcamp,5.0346331091,0.435483871,0.564516129,-0.1290322581
180312-06-top,180312,02:25:00 PM,02:40:00 PM,f,False,1-octen-3-ol_100um,A,180311,09:30:00 AM,orco5_gcamp,4.7779329167,0.2936596218,0.7063403782,-0.4126807564
180312-06-bottom,180312,02:25:00 PM,02:40:00 PM,f,False,1-octen-3-ol_100um,A,180311,09:30:00 AM,orco5_gcamp,4.608486044,0.4530294608,0.5469705392,-0.0939410784
180312-07-top,180312,04:17:00 PM,04:32:00 PM,f,False,1-octen-3-ol_100um,A,180311,09:30:00 AM,orco5_gcamp,2.4448553757,0.60567297,0.39432703,0.2113459399
180312-07-bottom,180312,04:17:00 PM,04:32:00 PM,f,False,1-octen-3-ol_100um,A,180311,09:30:00 AM,orco5_gcamp,1.8483109994,0.8342602892,0.1657397108,0.6685205784
180312-08-top,180312,04:55:00 PM,05:10:00 PM,f,False,1-octen-3-ol_100um,A,180311,09:30:00 AM,orco5_gcamp,4.9299297518,0.5672969967,0.4327030033,0.1345939933
180312-08-bottom,180312,04:55:00 PM,05:45:00 PM,m,False,1-octen-3-ol_100um,A,180311,09:30:00 AM,orco5_gcamp,1.456359465,0.0394883204,0.9605116796,-0.9210233593
180312-09-bottom,180312,05:30:00 PM,05:45:00 PM,f,False,1-octen-3-ol_100um,A,180311,09:30:00 AM,orco5_gcamp,2.9334564659,0.575319622,0.424680378,0.150639244
180313-01-top,180313,10:32:00 AM,10:47:00 AM,f,False,1-octen-3-ol_100um,A,180312,09:30:00 AM,gr3_gcamp,4.2583821453,0.5639599555,0.4360400445,0.127919911
180313-01-bottom,180313,10:32:00 AM,10:47:00 AM,m,False,1-octen-3-ol_100um,A,180312,09:30:00 AM,gr3_gcamp,2.9221391918,0.4004449388,0.5995550612,-0.1991101224
180313-02-top,180313,11:08:00 AM,11:23:00 AM,m,False,1-octen-3-ol_100um,A,180312,09:30:00 AM,gr3_gcamp,3.0929670874,0.3946637021,0.6053362979,-0.2106725959
180313-02-bottom,180313,11:08:00 AM,11:23:00 AM,m,False,1-octen-3-ol_100um,A,180312,09:30:00 AM,gr3_gcamp,3.0420826872,0.4271412681,0.5728587319,-0.1457174638
180313-03-top,180313,11:42:00 AM,11:57:00 AM,m,False,1-octen-3-ol_100um,A,180312,09:30:00 AM,gr3_gcamp,3.59073381,0.529771842,0.470228158,0.0595436839
180313-03-bottom,180313,11:42:00 AM,11:57:00 AM,f,False,1-octen-3-ol_100um,A,180312,09:30:00 AM,gr3_gcamp,4.3063843623,0.6407119021,0.3592880979,0.2814238042
180313-04-top,180313,12:52:00 PM,01:13:00 PM,f,False,1-octen-3-ol_100um,A,180312,09:30:00 AM,gr3_gcamp,2.1869830792,0.6907675195,0.3092324805,0.3815350389
180313-05-top,180313,01:30:00 PM,01:45:00 PM,f,False,1-octen-3-ol_100um,A,180312,09:30:00 AM,gr3_gcamp,3.5416913319,0.2819799778,0.7180200222,-0.4360400445
180313-05-bottom,180313,01:30:00 PM,01:45:00 PM,m,False,1-octen-3-ol_100um,A,180312,09:30:00 AM,gr3_gcamp,3.6867425324,0.7178631052,0.2821368948,0.4357262104
180313-06-top,180313,02:03:00 PM,02:19:00 PM,m,False,1-octen-3-ol_100um,A,180312,09:30:00 AM,gr3_gcamp,2.6229631032,0.6117908788,0.3882091212,0.2235817575
180313-06-bottom,180313,02:03:00 PM,02:19:00 PM,m,False,1-octen-3-ol_100um,A,180312,09:30:00 AM,gr3_gcamp,1.5188097056,0.3242491657,0.6757508343,-0.3515016685
180313-07-top,180313,02:38:00 PM,02:53:00 PM,f,False,1-octen-3-ol_100um,A,180312,09:30:00 AM,gr3_gcamp,3.9055088458,0.4933259177,0.5066740823,-0.0133481646
180313-07-bottom,180313,02:38:00 PM,02:53:00 PM,m,False,1-octen-3-ol_100um,A,180312,09:30:00 AM,gr3_gcamp,3.3036565985,0.3815350389,0.6184649611,-0.2369299221
180313-08-top,180313,03:13:00 PM,03:29:00 PM,m,False,1-octen-3-ol_100um,A,180312,09:30:00 AM,gr3_gcamp,2.9496847173,0.7680756396,0.2319243604,0.5361512792
180313-08-bottom,180313,03:13:00 PM,03:29:00 PM,m,False,1-octen-3-ol_100um,A,180312,09:30:00 AM,gr3_gcamp,3.7907628986,0.626459144,0.373540856,0.2529182879
180313-09-top,180313,03:50:00 PM,04:05:00 PM,f,False,1-octen-3-ol_100um,A,180312,09:30:00 AM,gr3_gcamp,3.8104998444,0.564758199,0.435241801,0.129516398
180313-09-bottom,180313,03:50:00 PM,04:05:00 PM,m,False,1-octen-3-ol_100um,A,180312,09:30:00 AM,gr3_gcamp,2.2170942612,0.1935483871,0.8064516129,-0.6129032258
